date,game_pk,first_pitch_utc,p_sim_home,p_market_home,p_blend_home,proj_home_runs,proj_away_runs,mean_total,mkt_total,park_factor,starter_stab_diff,starter_min_ip,bullpen_diff,woba_flag,wx_present,best_price_delta,engine_version,home_won
2026-07-22,822784,2026-07-22T23:07:00Z,,0.5,0.4563,3.7,4.1,7.7,8.0,1.0,,49.1,,0,0,,,0
2026-07-22,822873,2026-07-23T00:05:00Z,,0.5,0.539,4.1,3.6,7.7,8.5,0.98,,42.0,,0,0,,,0
2026-07-22,823110,2026-07-22T19:40:00Z,,0.5861,0.6506,4.2,2.7,7.0,8.0,0.92,,96.2,,0,0,,,0
2026-07-22,823438,2026-07-22T22:40:00Z,,0.4733,0.3474,3.8,5.9,9.8,9.5,1.01,,76.2,,0,0,,,0
2026-07-22,823518,2026-07-22T17:05:00Z,,0.6027,0.6032,5.9,4.4,10.3,9.0,1.03,,55.0,,0,0,,,0
2026-07-22,823519,2026-07-22T23:05:00Z,,0.6027,0.629,5.6,3.9,9.6,9.0,1.03,,61.2,,0,0,,,1
2026-07-22,823761,2026-07-22T18:10:00Z,,0.589,0.646,4.2,2.7,6.9,7.5,0.99,,33.1,,0,0,,,1
2026-07-22,824004,2026-07-22T20:07:00Z,,0.5439,0.4686,4.2,4.6,8.8,8.5,1.0,,22.1,,0,0,,,0
2026-07-22,824083,2026-07-22T18:10:00Z,,0.4537,0.4673,4.4,4.8,9.2,8.5,1.03,,104.0,,0,0,,,1
2026-07-22,824166,2026-07-23T00:10:00Z,,0.5179,0.5105,4.0,3.9,7.9,8.0,0.97,,92.0,,0,0,,,1
2026-07-22,824327,2026-07-22T19:10:00Z,,0.4394,0.4687,6.5,6.9,13.4,11.5,1.24,,14.1,,0,0,,,0
2026-07-22,824408,2026-07-22T22:40:00Z,,0.537,0.529,4.5,4.2,8.6,8.0,0.97,,77.0,,0,0,,,0
2026-07-22,824650,2026-07-23T00:10:00Z,,0.5267,0.4538,4.0,4.5,8.5,8.0,1.02,,100.2,,0,0,,,0
2026-07-22,824735,2026-07-22T17:35:00Z,,0.5568,0.6701,4.7,2.9,7.6,8.5,1.06,,26.0,,0,0,,,1
2026-07-22,824896,2026-07-22T23:15:00Z,,0.5188,0.5994,4.3,3.2,7.4,8.5,1.0,,81.1,,0,0,,,1
2026-07-22,825055,2026-07-22T19:40:00Z,,0.5427,0.5119,5.3,5.2,10.5,8.5,1.05,,52.1,,0,0,,,1
2026-07-23,822785,2026-07-23T19:07:00Z,,0.4944,0.3889,3.9,5.4,9.3,8.5,1.0,,23.2,,0,0,,,1
2026-07-23,823042,2026-07-23T21:15:00Z,,0.5255,0.6046,4.5,3.4,7.9,7.5,0.97,,59.0,,0,0,,,0
2026-07-23,824247,2026-07-23T22:40:00Z,,0.6588,0.6028,3.2,2.4,5.6,8.0,0.97,,14.0,,0,0,,,1
2026-07-23,824406,2026-07-23T17:10:00Z,,0.569,0.5181,4.3,4.0,8.3,7.5,0.97,,107.2,,0,0,,,0
2026-07-23,824893,2026-07-23T16:15:00Z,,0.6923,0.7869,5.8,2.4,8.2,8.0,1.0,,35.0,,0,0,,,1
2026-07-24,822707,2026-07-24T22:45:00Z,,0.466,0.2647,4.2,8.3,12.4,9.5,0.99,,11.1,,0,0,,,0
2026-07-24,822872,2026-07-25T00:05:00Z,,0.4856,0.335,2.6,4.2,6.8,7.5,0.98,,63.1,,0,0,,,1
2026-07-24,822952,2026-07-24T23:10:00Z,,0.5463,0.5688,3.8,3.1,6.9,7.5,1.0,,91.0,,0,0,,,1
2026-07-24,823031,2026-07-25T00:15:00Z,,0.5817,0.5981,5.5,4.2,9.8,8.0,0.97,,72.0,,0,0,,,0
2026-07-24,823196,2026-07-25T02:15:00Z,,0.589,0.6848,6.5,3.9,10.4,8.5,0.94,,35.0,,0,0,,,1
2026-07-24,823352,2026-07-24T22:40:00Z,,0.5144,0.5026,5.0,5.0,10.0,8.0,0.97,,40.0,,0,0,,,0
2026-07-24,823434,2026-07-24T22:45:00Z,,0.5537,0.3513,2.7,4.2,6.9,7.5,1.01,,115.1,,0,0,,,0
2026-07-24,823601,2026-07-24T23:10:00Z,,0.4482,0.3466,3.6,5.4,9.0,9.0,0.96,,79.2,,0,0,,,0
2026-07-24,823680,2026-07-25T00:10:00Z,,0.5639,0.6249,7.9,5.6,13.5,9.5,0.99,,59.2,,0,0,,,0
2026-07-24,823759,2026-07-24T20:10:00Z,,0.7034,0.7473,6.7,3.2,9.9,8.5,0.99,,76.0,,0,0,,,0
2026-07-24,824248,2026-07-24T22:40:00Z,,0.6984,0.6238,4.1,2.8,6.9,7.5,0.97,,22.1,,0,0,,,1
2026-07-24,824573,2026-07-24T23:40:00Z,,0.5507,0.6409,5.6,3.8,9.3,9.0,1.03,,87.0,,0,0,,,0
2026-07-24,824733,2026-07-24T23:15:00Z,,0.5361,0.5403,4.2,3.7,8.0,8.5,1.06,,9.1,,0,0,,,1
2026-07-25,822704,2026-07-25T20:05:00Z,0.5615,0.5704,0.566,5.2,4.4,9.6,9.0,0.99,0.97,10.2,-0.99,0,0,,0.6-team-regression,1
2026-07-25,822869,2026-07-25T23:15:00Z,0.5,0.4911,0.4955,4.1,4.1,8.3,7.5,0.98,-0.38,110.1,-0.68,0,0,,0.6-team-regression,1
2026-07-25,822948,2026-07-25T22:10:00Z,0.5525,0.5242,0.5384,4.5,4.0,8.5,8.0,1.0,0.66,111.1,-0.36,0,0,,0.6-team-regression,1
2026-07-25,823027,2026-07-25T23:15:00Z,0.5467,0.5089,0.5278,4.6,4.1,8.8,8.0,0.97,0.29,16.1,0.36,0,0,,0.6-team-regression,1
2026-07-25,823197,2026-07-25T20:05:00Z,0.5371,0.5325,0.5348,4.4,4.0,8.4,9.0,0.94,0.96,38.1,0.0,0,0,,0.6-team-regression,1
2026-07-25,823355,2026-07-25T22:40:00Z,0.537,0.5291,0.5331,4.9,4.4,9.3,7.5,0.97,0.71,115.0,-0.36,0,0,,0.6-team-regression,0
2026-07-25,823600,2026-07-25T23:15:00Z,0.445,0.4176,0.4313,3.8,4.4,8.2,7.5,0.96,-0.19,113.1,-0.22,0,0,,0.6-team-regression,0
2026-07-25,823758,2026-07-25T23:10:00Z,0.5539,0.6706,0.6122,5.3,4.6,9.8,9.0,0.99,0.33,51.1,1.4,0,0,,0.6-team-regression,1
2026-07-25,823841,2026-07-25T20:10:00Z,0.5366,0.553,0.5448,4.3,3.9,8.2,8.0,0.95,0.44,24.2,-0.02,0,0,,0.6-team-regression,0
2026-07-25,824244,2026-07-25T17:10:00Z,0.5619,0.59,0.576,4.5,3.8,8.3,8.0,0.97,0.6,80.2,1.54,0,0,,0.6-team-regression,0
2026-07-25,824571,2026-07-25T23:10:00Z,0.5497,0.5298,0.5397,4.9,4.4,9.3,8.5,1.03,0.69,40.0,0.22,0,0,,0.6-team-regression,0
2026-07-25,824734,2026-07-25T20:10:00Z,0.5322,0.5022,0.5172,4.2,3.8,8.1,7.5,1.06,-0.35,101.2,0.78,0,0,,0.6-team-regression,0
2026-07-25,824811,2026-07-25T23:05:00Z,0.5002,0.51,0.5051,4.4,4.5,8.9,9.0,1.0,0.42,91.1,-0.81,0,0,,0.6-team-regression,1
2026-07-26,822706,2026-07-26T17:35:00Z,0.5031,0.4842,0.4936,5.0,4.9,10.0,10.0,0.99,-0.88,5.0,-1.0,0,0,,0.7-totals-track,1
2026-07-26,822870,2026-07-26T18:35:00Z,0.5035,0.5045,0.504,4.0,4.0,8.0,7.0,0.98,-0.15,105.1,-0.63,0,0,,0.7-totals-track,0
2026-07-26,822950,2026-07-26T16:15:00Z,0.5213,0.5322,0.5267,4.2,3.9,8.1,7.0,1.0,-0.23,104.1,-0.35,0,0,,0.7-totals-track,1
2026-07-26,823028,2026-07-26T18:15:00Z,0.5447,0.5486,0.5466,4.5,4.1,8.6,8.5,0.97,0.31,95.1,0.35,0,0,,0.7-totals-track,0
2026-07-26,823194,2026-07-26T20:05:00Z,0.4939,0.4966,0.4952,4.1,4.1,8.2,8.5,0.94,-0.45,10.2,-0.04,0,0,,0.7-totals-track,0
2026-07-26,823354,2026-07-26T17:35:00Z,0.5468,0.5419,0.5444,5.2,4.6,9.8,8.5,0.97,1.24,72.0,-0.49,0,0,,0.7-totals-track,1
2026-07-26,823433,2026-07-26T23:20:00Z,0.4991,0.6283,0.5637,4.2,4.3,8.5,8.0,1.01,0.98,99.0,-1.39,0,0,,0.7-totals-track,1
2026-07-26,823599,2026-07-26T17:40:00Z,0.4642,0.4258,0.445,4.2,4.7,8.9,8.5,0.96,0.01,87.2,-0.17,0,0,,0.7-totals-track,1
2026-07-26,823678,2026-07-26T18:10:00Z,0.5595,0.5892,0.5744,5.4,4.6,10.0,10.0,0.99,0.99,66.2,0.6,0,0,,0.7-totals-track,1
2026-07-26,823755,2026-07-26T18:10:00Z,0.6295,0.7466,0.688,5.5,3.8,9.3,7.5,0.99,2.73,94.0,1.44,0,0,,0.7-totals-track,1
2026-07-26,823840,2026-07-26T17:40:00Z,0.5205,0.5434,0.532,4.3,4.1,8.5,8.5,0.95,0.01,69.0,-0.12,0,0,,0.7-totals-track,0
2026-07-26,824246,2026-07-26T17:40:00Z,0.5464,0.6301,0.5883,4.7,4.1,8.7,9.0,0.97,0.11,63.0,1.5,0,0,,0.7-totals-track,0
2026-07-26,824572,2026-07-26T18:10:00Z,0.5232,0.4978,0.5105,4.9,4.7,9.6,9.0,1.03,0.03,4.2,0.21,0,0,,0.7-totals-track,1
2026-07-26,824730,2026-07-26T17:35:00Z,0.5617,0.5549,0.5583,4.6,3.8,8.4,7.5,1.06,0.71,91.1,0.79,0,0,,0.7-totals-track,1
2026-07-26,824810,2026-07-26T17:35:00Z,0.4887,0.4955,0.4921,4.5,4.6,9.1,8.5,1.0,0.35,66.0,-0.82,0,0,,0.7-totals-track,0
2026-07-27,822705,2026-07-27T22:45:00Z,0.6089,0.5267,0.5678,5.6,4.2,9.8,10.0,0.99,1.72,22.0,-1.12,0,0,,0.7-totals-track,0
2026-07-27,822868,2026-07-27T18:35:00Z,0.4827,0.4482,0.4654,4.0,4.2,8.1,8.0,0.98,-0.5,96.0,-0.72,0,0,,0.7-totals-track,1
2026-07-27,823195,2026-07-28T01:45:00Z,0.4536,0.4463,0.4499,4.1,4.7,8.9,8.5,0.94,0.15,83.0,-0.91,0,0,,0.7-totals-track,1
2026-07-27,823353,2026-07-27T22:40:00Z,0.549,0.5198,0.5344,5.2,4.5,9.7,9.5,0.97,0.54,103.2,-0.44,0,0,,0.7-totals-track,1
2026-07-27,823597,2026-07-27T23:10:00Z,0.4709,0.4802,0.4755,3.9,4.3,8.2,8.5,0.96,0.27,23.1,-0.68,0,0,,0.7-totals-track,1
2026-07-27,823839,2026-07-27T22:40:00Z,0.4983,0.3766,0.4374,4.0,4.1,8.1,7.5,0.95,-0.96,79.1,0.46,0,0,,0.7-totals-track,1
2026-07-27,824001,2026-07-28T01:38:00Z,0.5208,0.491,0.5059,4.6,4.4,9.0,8.5,1.0,1.03,58.0,-0.12,0,0,,0.7-totals-track,0
2026-07-27,824245,2026-07-27T22:40:00Z,0.4993,0.5198,0.5096,4.1,4.1,8.1,8.5,0.97,0.22,106.0,0.2,0,0,,0.7-totals-track,0
2026-07-27,824570,2026-07-27T23:40:00Z,0.455,0.43,0.4425,4.3,4.9,9.2,8.5,1.03,-1.47,56.2,-0.81,0,0,,0.7-totals-track,0
2026-07-27,824977,2026-07-28T01:40:00Z,0.4357,0.386,0.4108,4.1,5.0,9.1,9.5,1.02,-1.28,62.2,-2.48,0,0,,0.7-totals-track,0
2026-07-28,822703,2026-07-28T22:45:00Z,0.5892,0.5613,0.5753,5.2,4.1,9.3,8.5,0.99,0.96,30.2,-1.11,0,0,,0.7-totals-track,1
2026-07-28,823193,2026-07-29T01:45:00Z,0.4348,0.4225,0.4287,3.8,4.5,8.2,7.5,0.94,-0.04,38.1,-0.9,0,0,,0.7-totals-track,0
2026-07-28,823275,2026-07-29T01:40:00Z,0.5485,0.6432,0.5959,4.6,4.1,8.7,8.0,0.95,1.34,100.2,1.29,0,0,,0.7-totals-track,1
2026-07-28,823350,2026-07-28T22:40:00Z,0.5299,0.5122,0.521,4.9,4.5,9.3,9.0,0.97,-0.02,65.0,-0.41,0,0,,0.7-totals-track,0
2026-07-28,823676,2026-07-28T23:40:00Z,0.5517,0.5943,0.573,5.0,4.4,9.4,9.0,0.99,0.29,114.2,0.21,0,0,,0.7-totals-track,1
2026-07-28,823838,2026-07-28T22:40:00Z,0.5429,0.5077,0.5253,4.7,4.1,8.7,8.0,0.95,0.93,108.1,0.41,0,0,,0.7-totals-track,1
2026-07-28,824003,2026-07-29T01:38:00Z,0.4884,0.4989,0.4936,4.3,4.4,8.7,8.5,1.0,-0.05,98.0,-0.19,0,0,,0.7-totals-track,0
2026-07-28,824243,2026-07-28T22:40:00Z,0.5359,0.5682,0.5521,4.5,4.0,8.5,9.0,0.97,1.05,32.0,0.15,0,0,,0.7-totals-track,1
2026-07-28,824490,2026-07-28T17:40:00Z,0.5375,0.4607,0.4991,4.5,4.1,8.6,9.0,1.04,1.07,103.2,-0.89,0,0,,0.7-totals-track,0
2026-07-28,824569,2026-07-28T23:40:00Z,0.4852,0.4589,0.4721,4.6,4.8,9.4,8.0,1.03,-0.42,62.0,-0.9,0,0,,0.7-totals-track,0
2026-07-28,824976,2026-07-29T01:40:00Z,0.4474,0.4202,0.4338,4.1,4.7,8.8,9.5,1.02,-0.63,57.0,-2.51,0,0,,0.7-totals-track,1
2026-07-29,822702,2026-07-29T17:05:00Z,0.541,0.4824,0.5117,5.0,4.5,9.5,9.5,0.99,-0.97,85.0,-1.12,0,0,,0.7-totals-track,0
2026-07-29,822947,2026-07-29T22:40:00Z,0.5235,0.5635,0.5435,4.7,4.3,9.0,7.5,1.0,0.08,43.1,0.15,0,0,,0.7-totals-track,1
2026-07-29,823022,2026-07-29T23:45:00Z,0.4677,0.5,0.4839,4.3,4.7,9.0,8.0,0.97,-0.01,59.0,-0.39,0,0,,0.7-totals-track,1
2026-07-29,823192,2026-07-29T19:45:00Z,0.4357,0.4678,0.4518,3.8,4.5,8.3,7.5,0.94,-0.23,82.0,-0.91,0,0,,0.7-totals-track,1
2026-07-29,823351,2026-07-29T16:35:00Z,0.5162,0.5518,0.534,4.6,4.4,9.0,8.5,0.97,-0.29,46.0,-0.25,0,0,,0.7-totals-track,0
2026-07-29,823598,2026-07-29T23:10:00Z,0.4367,0.4176,0.4272,3.6,4.3,8.0,7.5,0.96,-0.79,63.1,-0.43,0,0,,0.7-totals-track,0
2026-07-29,823677,2026-07-29T23:40:00Z,0.5587,0.638,0.5983,4.9,4.2,9.1,9.0,0.99,0.33,19.0,0.26,0,0,,0.7-totals-track,0
2026-07-29,823837,2026-07-29T16:10:00Z,0.4947,0.3943,0.4445,4.1,4.2,8.3,7.5,0.95,-0.72,34.0,0.41,0,0,,0.7-totals-track,1
2026-07-29,823924,2026-07-30T02:10:00Z,0.5206,0.5963,0.5584,4.6,4.4,9.0,9.5,1.0,-1.22,82.0,-0.45,0,0,,0.7-totals-track,1
2026-07-29,824242,2026-07-29T17:10:00Z,0.5317,0.613,0.5724,4.3,3.9,8.2,7.5,0.97,0.74,90.0,0.25,0,0,,0.7-totals-track,0
2026-07-29,824487,2026-07-29T23:10:00Z,0.496,0.4482,0.4721,4.4,4.5,8.9,9.0,1.04,-0.54,103.1,-0.8,0,0,,0.7-totals-track,0
2026-07-29,824567,2026-07-29T23:40:00Z,0.4705,0.4307,0.4506,4.1,4.4,8.5,7.5,1.03,-0.69,111.0,-0.85,0,0,,0.7-totals-track,1
2026-07-29,824973,2026-07-30T01:40:00Z,0.4447,0.4215,0.4331,4.3,5.0,9.3,10.5,1.02,-1.03,14.0,-2.52,0,0,,0.7-totals-track,0
2026-07-30,822946,2026-07-30T16:10:00Z,0.5653,0.6155,0.5904,4.8,4.1,8.9,7.5,1.0,1.07,35.1,0.21,0,0,,0.11-best-of-board,1
2026-07-30,823023,2026-07-30T18:15:00Z,0.4787,0.5144,0.4965,4.4,4.6,9.0,8.0,0.97,0.42,65.1,-0.34,0,1,,0.11-best-of-board,0
2026-07-30,823595,2026-07-30T23:10:00Z,0.5043,0.5427,0.5235,4.0,4.0,8.0,7.0,0.96,0.35,98.2,0.08,0,1,,0.11-best-of-board,1
2026-07-30,823674,2026-07-30T17:40:00Z,0.5334,0.562,0.5477,5.0,4.5,9.5,9.0,0.99,-0.05,81.0,0.26,0,1,,0.11-best-of-board,1
2026-07-30,823921,2026-07-31T02:10:00Z,0.5328,0.5851,0.5589,4.6,4.3,8.9,8.5,1.0,-0.74,93.2,-0.48,0,0,,0.11-best-of-board,1
2026-07-30,824488,2026-07-30T23:10:00Z,0.4281,0.49,0.4591,4.4,5.4,9.8,9.5,1.04,-0.73,56.0,-0.14,0,1,,0.11-best-of-board,1
2026-07-30,824568,2026-07-30T18:10:00Z,0.515,0.5144,0.5147,4.6,4.4,9.0,7.5,1.03,0.48,108.0,-0.77,1,1,,0.11-best-of-board,1
2026-07-30,824894,2026-07-30T23:15:00Z,0.5141,0.5788,0.5464,5.1,4.9,10.0,9.5,1.0,0.21,51.2,1.6,0,1,,0.11-best-of-board,1
2026-07-30,824974,2026-07-31T01:40:00Z,0.4392,0.385,0.4121,4.1,4.8,8.9,10.0,1.02,-0.93,24.2,-2.53,0,1,,0.11-best-of-board,0
2026-07-31,822782,2026-07-31T23:07:00Z,0.524,0.6234,0.5737,4.2,3.9,8.1,7.5,1.0,0.94,101.1,0.44,1,1,,0.11-best-of-board,1
2026-07-31,822945,2026-07-31T23:10:00Z,0.5285,0.5624,0.5455,4.6,4.3,8.9,8.5,1.0,1.13,97.1,-0.14,0,0,,0.11-best-of-board,0
2026-07-31,823111,2026-08-01T02:10:00Z,0.5406,0.6077,0.5742,4.3,3.9,8.2,7.5,0.92,1.07,68.2,1.42,1,1,,0.11-best-of-board,0
2026-07-31,823272,2026-08-01T01:45:00Z,0.5488,0.5725,0.5606,4.3,3.8,8.0,8.5,0.95,0.95,15.2,0.65,0,1,,0.11-best-of-board,1
2026-07-31,823593,2026-07-31T23:10:00Z,0.4962,0.5446,0.5204,4.2,4.3,8.5,8.5,0.96,-0.1,73.2,0.12,0,1,,0.11-best-of-board,0
2026-07-31,823922,2026-08-01T02:10:00Z,0.5273,0.5322,0.5297,4.4,4.1,8.5,8.5,1.0,-0.38,42.0,-0.96,0,0,,0.11-best-of-board,0
2026-07-31,823999,2026-08-01T01:38:00Z,0.4127,0.3933,0.403,4.1,5.2,9.3,9.0,1.0,-1.64,41.2,-0.72,0,1,,0.11-best-of-board,0
2026-07-31,824164,2026-08-01T00:15:00Z,0.5311,0.5411,0.5361,4.5,4.1,8.7,7.5,0.97,0.02,47.0,0.06,0,1,,0.11-best-of-board,1
2026-07-31,824325,2026-08-01T00:40:00Z,0.5164,0.4966,0.5065,6.0,5.7,11.8,11.0,1.24,-0.8,96.0,0.34,0,1,,0.11-best-of-board,1
2026-07-31,824407,2026-07-31T23:10:00Z,0.5101,0.5697,0.5399,4.3,4.2,8.5,8.5,0.97,0.61,15.2,0.44,0,1,,0.11-best-of-board,0
2026-07-31,824486,2026-07-31T22:10:00Z,0.4312,0.4648,0.448,4.3,5.2,9.5,8.0,1.04,-0.98,21.2,-0.11,0,1,,0.11-best-of-board,1
2026-07-31,824651,2026-07-31T18:20:00Z,0.514,0.5876,0.5508,4.7,4.6,9.3,9.0,1.02,0.15,102.0,-0.98,1,1,,0.11-best-of-board,0
2026-07-31,824892,2026-07-31T23:15:00Z,0.4953,0.5198,0.5076,4.8,4.8,9.6,9.0,1.0,-0.59,113.2,1.59,0,1,,0.11-best-of-board,1
2026-07-31,824975,2026-08-01T01:40:00Z,0.4179,0.435,0.4265,4.1,5.2,9.3,11.0,1.02,-2.13,86.2,-1.66,0,1,,0.11-best-of-board,0
2026-08-01,822944,2026-08-01T20:10:00Z,0.5019,0.6071,0.5545,4.4,4.4,8.7,7.5,1.0,0.44,31.0,-0.14,0,0,,0.11-best-of-board,1
2026-08-01,823109,2026-08-01T20:10:00Z,0.5173,0.6051,0.5612,4.1,3.9,8.1,7.5,0.92,0.59,72.1,1.33,0,1,,0.11-best-of-board,1
2026-08-01,823269,2026-08-02T00:40:00Z,0.5219,0.5733,0.5476,4.3,4.1,8.4,8.5,0.95,-0.04,89.0,0.69,0,1,,0.11-best-of-board,1
2026-08-01,823594,2026-08-01T20:10:00Z,0.5031,0.5463,0.5247,4.1,4.1,8.2,9.0,0.96,0.33,29.2,0.1,0,1,,0.11-best-of-board,0
2026-08-01,823920,2026-08-02T01:10:00Z,0.5325,0.6022,0.5673,4.5,4.1,8.6,7.5,1.0,0.29,95.0,-1.05,0,0,,0.11-best-of-board,0
2026-08-01,824000,2026-08-02T01:38:00Z,0.4801,0.4777,0.4789,4.4,4.7,9.2,8.5,1.0,0.73,57.1,-0.71,0,1,,0.11-best-of-board,0
2026-08-01,824162,2026-08-01T23:10:00Z,0.5039,0.4639,0.4839,4.4,4.4,8.7,8.5,0.97,-1.08,10.0,0.18,0,1,,0.11-best-of-board,1
2026-08-01,824326,2026-08-02T00:10:00Z,0.5342,0.5181,0.5261,6.3,5.8,12.2,11.5,1.24,-0.55,67.1,0.34,0,1,,0.11-best-of-board,1
2026-08-01,824405,2026-08-01T23:15:00Z,0.5216,0.613,0.5673,4.2,3.9,8.1,8.0,0.97,1.16,9.0,0.4,0,1,,0.11-best-of-board,0
2026-08-01,824485,2026-08-01T22:40:00Z,0.4543,0.4819,0.4681,4.5,5.1,9.6,8.5,1.04,-0.36,117.0,-0.14,0,1,,0.11-best-of-board,0
2026-08-01,824649,2026-08-01T23:15:00Z,0.4846,0.5144,0.4995,4.5,4.7,9.2,6.5,1.02,-1.18,69.2,-0.98,1,1,,0.11-best-of-board,1
2026-08-01,824808,2026-08-01T23:05:00Z,0.5121,0.4325,0.4723,4.3,4.2,8.5,8.5,1.0,-0.74,122.0,0.51,0,0,,0.11-best-of-board,0
2026-08-01,824890,2026-08-01T23:15:00Z,0.5473,0.6174,0.5823,5.4,4.8,10.1,9.5,1.0,1.02,71.2,1.57,0,1,,0.11-best-of-board,1
2026-08-01,824972,2026-08-02T01:40:00Z,0.4567,0.4047,0.4307,4.5,5.1,9.6,10.5,1.02,-0.54,68.1,-1.86,0,1,,0.11-best-of-board,0
2026-08-02,822783,2026-08-02T17:37:00Z,0.4807,0.5486,0.5146,4.6,4.7,9.3,9.0,1.0,-0.86,24.2,0.55,1,1,,0.11-best-of-board,0
2026-08-02,822943,2026-08-02T17:40:00Z,0.5083,0.5775,0.5429,4.5,4.4,8.9,7.5,1.0,0.43,86.2,-0.14,0,0,,0.11-best-of-board,0
2026-08-02,823107,2026-08-02T20:10:00Z,0.4989,0.5635,0.5312,4.0,4.0,8.0,7.0,0.92,-0.02,120.0,1.33,0,1,,0.11-best-of-board,1
2026-08-02,823270,2026-08-02T20:10:00Z,0.5243,0.5781,0.5512,4.1,3.9,8.0,8.0,0.95,0.01,113.2,0.67,0,1,,0.11-best-of-board,1
2026-08-02,823919,2026-08-02T23:20:00Z,0.4958,0.6243,0.5601,4.4,4.4,8.8,8.5,1.0,-0.9,65.2,-1.06,0,0,,0.11-best-of-board,0
2026-08-02,823996,2026-08-02T19:15:00Z,0.4163,0.3287,0.3725,3.7,4.6,8.3,7.5,1.0,-1.06,93.1,-0.75,0,1,,0.11-best-of-board,1
2026-08-02,824163,2026-08-02T18:10:00Z,0.5465,0.5552,0.5509,4.6,4.0,8.6,8.5,0.97,0.37,102.2,0.15,0,1,,0.11-best-of-board,1
2026-08-02,824323,2026-08-02T19:10:00Z,0.5196,0.5454,0.5325,6.2,6.0,12.2,11.5,1.24,-1.19,99.1,0.4,0,1,,0.11-best-of-board,1
2026-08-02,824404,2026-08-02T17:40:00Z,0.5127,0.6121,0.5624,4.4,4.2,8.5,8.0,0.97,1.09,109.1,0.29,0,1,,0.11-best-of-board,1
2026-08-02,824483,2026-08-02T17:40:00Z,0.4965,0.5598,0.5282,4.6,4.7,9.4,8.5,1.04,1.07,112.2,-0.16,0,1,,0.11-best-of-board,1
2026-08-02,824648,2026-08-02T18:20:00Z,0.4961,0.4639,0.48,4.6,4.7,9.3,6.5,1.02,-0.65,68.0,-0.88,1,1,,0.11-best-of-board,0
2026-08-02,824807,2026-08-02T17:35:00Z,0.5068,0.4448,0.4758,4.3,4.3,8.6,8.0,1.0,-0.62,103.0,0.4,0,0,,0.11-best-of-board,0
2026-08-02,824891,2026-08-02T17:35:00Z,0.4906,0.5211,0.5058,4.8,4.9,9.6,8.5,1.0,-0.95,54.0,1.5,0,1,,0.11-best-of-board,1
2026-08-02,824971,2026-08-02T20:05:00Z,0.4554,0.4864,0.4709,4.3,4.9,9.2,11.0,1.02,-0.29,63.0,-1.78,0,1,,0.11-best-of-board,0
2026-08-03,823431,2026-08-03T22:40:00Z,0.4481,0.5943,0.5212,4.7,5.4,10.0,9.0,1.01,-1.03,57.2,0.54,0,1,,0.11-best-of-board,1
2026-08-03,823520,2026-08-03T23:05:00Z,0.5947,0.6578,0.6262,4.8,3.7,8.6,8.0,1.03,1.14,116.0,1.35,1,1,,0.11-best-of-board,0
2026-08-03,823757,2026-08-03T23:40:00Z,0.499,0.5701,0.5345,4.9,4.9,9.8,8.0,0.99,-0.41,92.2,0.7,1,1,,0.11-best-of-board,0
2026-08-03,824160,2026-08-04T00:10:00Z,0.5413,0.5414,0.5413,4.7,4.2,8.8,9.0,0.97,0.08,21.1,-0.29,0,1,,0.11-best-of-board,0
2026-08-03,824324,2026-08-04T00:40:00Z,0.4822,0.3949,0.4385,5.8,6.1,11.9,11.5,1.24,-0.94,78.1,-0.95,0,1,,0.11-best-of-board,0
2026-08-03,825095,2026-08-04T01:40:00Z,0.5015,0.5138,0.5076,4.5,4.5,9.0,9.0,1.05,-0.28,72.0,-0.51,0,1,,0.11-best-of-board,1
2026-08-04,822865,2026-08-05T00:05:00Z,0.4997,0.6383,0.569,4.3,4.3,8.5,8.0,0.98,-0.15,12.0,-0.08,0,1,,0.11-best-of-board,1
2026-08-04,823432,2026-08-04T22:40:00Z,0.511,0.7078,0.6094,5.0,4.8,9.8,9.0,1.01,1.41,105.2,0.63,0,1,,0.11-best-of-board,1
2026-08-04,823517,2026-08-04T23:05:00Z,0.5422,0.6408,0.5915,4.7,4.2,8.9,8.5,1.03,0.11,33.2,1.26,0,1,,0.11-best-of-board,1
2026-08-04,823756,2026-08-04T23:40:00Z,0.5263,0.5722,0.5493,4.7,4.4,9.1,7.5,0.99,0.36,44.0,0.73,1,1,,0.11-best-of-board,1
2026-08-04,824084,2026-08-04T23:40:00Z,0.4696,0.4296,0.4496,4.5,4.9,9.4,9.0,1.03,-0.05,26.0,-0.49,0,1,,0.11-best-of-board,1
2026-08-04,824161,2026-08-05T00:10:00Z,0.5253,0.5443,0.5348,4.4,4.0,8.4,8.5,0.97,-0.24,5.2,-0.29,0,1,,0.11-best-of-board,1
2026-08-04,824321,2026-08-05T00:40:00Z,0.5271,0.3996,0.4633,6.0,5.5,11.5,11.0,1.24,0.67,24.1,-0.87,0,1,,0.11-best-of-board,0
2026-08-04,824403,2026-08-04T22:40:00Z,0.5117,0.5817,0.5467,4.1,4.0,8.1,7.5,0.97,0.33,91.2,-0.06,0,1,,0.11-best-of-board,0
2026-08-04,824484,2026-08-04T22:40:00Z,0.5022,0.5474,0.5248,4.8,4.8,9.5,9.0,1.04,-0.67,107.2,1.18,0,1,,0.11-best-of-board,1
2026-08-04,824645,2026-08-05T00:05:00Z,0.4887,0.3422,0.4155,4.6,4.8,9.4,9.0,1.02,-0.99,69.2,0.16,0,1,,0.11-best-of-board,1
2026-08-04,824731,2026-08-04T23:10:00Z,0.477,0.5463,0.5116,4.4,4.6,9.0,9.0,1.06,-0.5,19.0,0.83,0,1,,0.11-best-of-board,1
2026-08-04,824888,2026-08-04T23:15:00Z,0.5428,0.5711,0.557,4.8,4.3,9.1,9.0,1.0,0.0,39.0,0.44,0,1,,0.11-best-of-board,1
2026-08-04,825054,2026-08-05T01:40:00Z,0.5437,0.5272,0.5354,4.8,4.2,9.0,9.0,1.05,0.88,95.0,-0.48,0,1,,0.11-best-of-board,0
2026-08-05,823106,2026-08-06T01:40:00Z,0.4862,0.5813,0.5337,3.8,4.0,7.8,7.5,0.92,0.15,63.2,0.11,0,1,,0.11-best-of-board,1
2026-08-05,823429,2026-08-05T22:40:00Z,0.4687,0.6367,0.5527,5.0,5.4,10.4,9.5,1.01,-0.57,56.2,0.64,0,1,,0.11-best-of-board,0
2026-08-05,823516,2026-08-05T23:05:00Z,0.5388,0.5913,0.565,4.7,4.2,8.9,8.5,1.03,-0.22,108.2,1.26,0,1,,0.11-best-of-board,0
2026-08-05,823753,2026-08-05T23:40:00Z,0.5189,0.5449,0.5319,4.6,4.3,8.9,7.0,0.99,0.12,83.2,0.73,1,1,,0.11-best-of-board,1
2026-08-05,824082,2026-08-05T23:40:00Z,0.5068,0.5291,0.518,5.0,4.9,10.0,8.5,1.03,0.82,36.0,-0.41,0,1,,0.11-best-of-board,1
2026-08-05,824158,2026-08-05T18:10:00Z,0.5796,0.6562,0.6179,4.9,3.9,8.8,8.0,0.97,1.3,52.2,-0.17,0,1,,0.11-best-of-board,0
2026-08-05,824322,2026-08-05T19:10:00Z,0.4775,0.399,0.4383,5.6,6.0,11.6,11.5,1.24,-0.98,102.2,-0.93,0,1,,0.11-best-of-board,0
2026-08-05,824402,2026-08-05T22:40:00Z,0.4866,0.5023,0.4945,3.9,4.0,7.9,8.0,0.97,-0.47,69.1,-0.08,0,1,,0.11-best-of-board,0
2026-08-05,824482,2026-08-05T22:40:00Z,0.5346,0.5817,0.5581,5.2,4.7,9.9,9.5,1.04,0.36,70.0,1.23,0,1,,0.11-best-of-board,1
2026-08-05,824646,2026-08-05T18:20:00Z,0.5369,0.5327,0.5348,5.3,4.8,10.1,10.0,1.02,0.69,88.0,0.25,0,1,,0.11-best-of-board,1
2026-08-05,824728,2026-08-05T23:10:00Z,0.5045,0.5528,0.5287,4.4,4.3,8.7,8.5,1.06,-0.1,113.2,0.91,0,1,,0.11-best-of-board,1
2026-08-05,824806,2026-08-05T22:35:00Z,0.531,0.5313,0.5311,4.5,4.2,8.7,8.0,1.0,-0.17,109.2,0.23,0,0,,0.11-best-of-board,1
2026-08-05,824889,2026-08-05T23:15:00Z,0.5322,0.5376,0.5349,4.6,4.2,8.9,8.5,1.0,-0.31,104.2,0.44,0,1,,0.11-best-of-board,1
2026-08-05,825052,2026-08-06T01:40:00Z,0.4827,0.4604,0.4715,4.3,4.6,9.0,9.0,1.05,-1.43,20.2,-0.44,0,1,,0.11-best-of-board,1
2026-08-06,823105,2026-08-06T20:10:00Z,0.503,0.544,0.5235,3.9,3.9,7.7,8.0,0.92,0.53,74.0,0.13,0,1,,0.11-best-of-board,0
2026-08-06,823430,2026-08-06T22:05:00Z,0.5371,0.744,0.6405,5.1,4.6,9.7,9.0,1.01,2.13,108.0,0.52,0,1,,0.11-best-of-board,1
2026-08-06,823754,2026-08-06T18:10:00Z,0.5135,0.5457,0.5296,4.7,4.6,9.3,7.5,0.99,-0.04,109.0,0.71,0,1,,0.11-best-of-board,1
2026-08-06,824080,2026-08-06T23:40:00Z,0.4953,0.5343,0.5148,4.8,4.8,9.6,9.0,1.03,0.55,87.0,-0.42,1,1,,0.11-best-of-board,0
2026-08-06,824401,2026-08-06T17:10:00Z,0.5009,0.53,0.5155,3.9,3.9,7.7,7.5,0.97,-0.13,125.2,-0.07,0,1,,0.11-best-of-board,0
2026-08-06,824481,2026-08-06T16:40:00Z,0.525,0.6018,0.5634,4.9,4.7,9.6,9.5,1.04,0.16,29.2,1.24,1,1,,0.11-best-of-board,1
2026-08-06,824664,2026-08-06T18:20:00Z,0.5151,0.4827,0.4989,4.5,4.3,8.7,7.5,1.02,-1.62,101.0,-0.08,0,1,,0.11-best-of-board,1
2026-08-06,824729,2026-08-06T23:10:00Z,0.5536,0.6248,0.5892,4.8,4.2,9.0,9.0,1.06,1.23,99.2,0.92,0,1,,0.11-best-of-board,1
2026-08-06,824804,2026-08-06T16:35:00Z,0.5932,0.6354,0.6143,5.2,4.1,9.3,9.5,1.0,1.6,46.0,0.26,1,0,,0.11-best-of-board,0
2026-08-06,824885,2026-08-06T23:15:00Z,0.5568,0.574,0.5654,4.8,4.1,8.9,9.0,1.0,0.4,78.2,0.43,0,1,,0.11-best-of-board,1
2026-08-06,825053,2026-08-07T01:40:00Z,0.5213,0.5,0.5107,4.9,4.7,9.6,9.0,1.05,0.12,13.0,-0.51,0,1,,0.11-best-of-board,0
2026-08-07,822699,2026-08-07T22:45:00Z,0.5865,0.5248,0.5556,5.3,4.2,9.5,9.0,0.99,0.8,30.0,-0.5,0,1,0.0086,0.14-watchlist,1
2026-08-07,822863,2026-08-08T00:15:00Z,0.4712,0.5761,0.5237,4.1,4.5,8.6,7.5,0.98,-0.46,127.1,-0.26,0,1,0.0119,0.14-watchlist,1
2026-08-07,823024,2026-08-08T00:15:00Z,0.5382,0.6061,0.5721,4.9,4.4,9.3,8.5,0.97,1.18,76.2,0.6,0,1,0.0131,0.14-watchlist,1
2026-08-07,823103,2026-08-08T01:45:00Z,0.4836,0.5173,0.5004,3.6,3.8,7.5,7.0,0.92,-0.29,117.1,0.18,0,1,0.0022,0.14-watchlist,0
2026-08-07,823266,2026-08-08T01:40:00Z,0.527,0.5213,0.5242,4.4,4.1,8.5,8.0,0.95,0.97,14.2,0.35,0,1,0.0154,0.14-watchlist,0
2026-08-07,823349,2026-08-07T22:40:00Z,0.5484,0.5536,0.551,4.5,4.0,8.5,8.0,0.97,0.26,34.1,-0.54,0,1,0.0056,0.14-watchlist,0
2026-08-07,823428,2026-08-07T22:40:00Z,0.5256,0.6619,0.5938,4.3,4.0,8.2,8.0,1.01,0.47,105.0,-0.58,0,1,0.0053,0.14-watchlist,0
2026-08-07,823515,2026-08-07T23:05:00Z,0.5319,0.5605,0.5462,4.7,4.2,8.9,8.0,1.03,1.12,75.0,0.32,0,1,0.0131,0.14-watchlist,1
2026-08-07,823750,2026-08-07T23:40:00Z,0.5832,0.611,0.5971,5.2,4.1,9.3,8.0,0.99,1.09,81.0,1.36,0,1,0.007,0.14-watchlist,0
2026-08-07,823836,2026-08-07T23:10:00Z,0.5654,0.5823,0.5739,4.5,3.7,8.2,8.5,0.95,0.6,4.2,0.36,1,1,0.0116,0.14-watchlist,0
2026-08-07,824566,2026-08-07T23:40:00Z,0.4947,0.4321,0.4634,4.4,4.4,8.9,7.5,1.03,-1.54,65.0,0.14,0,1,0.0053,0.14-watchlist,0
2026-08-07,824727,2026-08-07T23:10:00Z,0.6427,0.7044,0.6736,5.5,3.7,9.2,8.5,1.06,1.35,73.2,2.76,1,1,0.0079,0.14-watchlist,1
2026-08-07,825051,2026-08-08T01:40:00Z,0.4747,0.3823,0.4285,5.0,5.4,10.4,9.0,1.05,-0.36,99.0,-0.15,0,1,0.0068,0.14-watchlist,1
2026-08-08,822701,2026-08-08T22:45:00Z,0.5447,0.427,0.4859,4.7,4.2,8.9,8.5,0.99,-0.58,64.0,-0.49,0,1,0.0051,0.15-daily-pick,1
2026-08-08,822864,2026-08-08T23:15:00Z,0.5253,0.5772,0.5512,4.2,3.9,8.2,7.5,0.98,0.14,113.2,-0.23,1,1,0.005,0.15-daily-pick,1
2026-08-08,823021,2026-08-08T23:15:00Z,0.5113,0.5894,0.5504,4.8,4.6,9.5,8.5,0.97,0.6,108.1,0.61,0,1,0.0064,0.15-daily-pick,0
2026-08-08,823102,2026-08-09T01:50:00Z,0.4892,0.5203,0.5048,3.8,3.9,7.7,7.0,0.92,0.12,91.2,0.21,0,1,0.0087,0.15-daily-pick,0
2026-08-08,823267,2026-08-08T23:15:00Z,0.4869,0.5228,0.5048,4.0,4.2,8.2,8.0,0.95,-0.24,108.2,0.31,0,1,0.0022,0.15-daily-pick,1
2026-08-08,823348,2026-08-08T22:40:00Z,0.5456,0.5346,0.5401,4.6,4.2,8.8,9.0,0.97,-0.14,5.0,-0.46,0,1,0.0041,0.15-daily-pick,1
2026-08-08,823426,2026-08-08T22:05:00Z,0.5326,0.6019,0.5673,4.9,4.4,9.3,9.5,1.01,0.37,30.2,-0.57,0,1,0.0104,0.15-daily-pick,0
2026-08-08,823514,2026-08-08T19:05:00Z,0.4767,0.4339,0.4553,4.1,4.4,8.6,7.5,1.03,-0.93,73.2,0.32,0,1,0.0072,0.15-daily-pick,1
2026-08-08,823752,2026-08-08T23:10:00Z,0.5285,0.5613,0.5449,4.9,4.5,9.3,8.0,0.99,-0.45,62.1,1.3,0,1,0.0073,0.15-daily-pick,1
2026-08-08,823834,2026-08-08T20:10:00Z,0.5409,0.5919,0.5664,4.1,3.6,7.7,7.5,0.95,-0.33,99.1,0.41,1,1,0.0062,0.15-daily-pick,1
2026-08-08,824079,2026-08-08T23:10:00Z,0.4061,0.3996,0.4028,4.2,5.4,9.5,9.5,1.03,-0.72,52.2,-1.43,0,1,0.0059,0.15-daily-pick,1
2026-08-08,824565,2026-08-08T23:15:00Z,0.5284,0.454,0.4912,4.6,4.3,8.9,7.5,1.03,-0.64,110.0,0.08,0,1,0.0059,0.15-daily-pick,1
2026-08-08,824726,2026-08-08T20:10:00Z,0.6264,0.6968,0.6616,5.3,3.8,9.0,9.0,1.06,0.61,66.2,2.83,1,1,0.0124,0.15-daily-pick,0
2026-08-08,825049,2026-08-09T00:10:00Z,0.4539,0.3813,0.4176,4.5,5.0,9.5,8.5,1.05,-0.59,78.2,-0.14,0,1,0.0054,0.15-daily-pick,0
2026-08-09,822700,2026-08-09T16:15:00Z,0.5673,0.5023,0.5348,5.2,4.3,9.5,9.0,0.99,0.5,59.0,-0.44,0,1,0.0071,0.15-daily-pick,1
2026-08-09,822862,2026-08-09T18:35:00Z,0.5297,0.5393,0.5345,4.3,4.0,8.2,8.0,0.98,0.13,25.1,-0.15,1,1,0.0162,0.15-daily-pick,0
2026-08-09,823020,2026-08-09T18:15:00Z,0.5376,0.6012,0.5694,4.8,4.4,9.2,9.0,0.97,1.34,107.2,0.6,0,1,0.003,0.15-daily-pick,1
2026-08-09,823104,2026-08-09T20:10:00Z,0.4959,0.5012,0.4985,3.9,3.9,7.8,7.5,0.92,0.37,84.1,0.22,0,1,0.0072,0.15-daily-pick,0
2026-08-09,823190,2026-08-09T20:05:00Z,0.4657,0.4664,0.466,3.8,4.1,7.9,7.5,0.94,-0.37,74.0,-0.54,0,1,0.0105,0.15-daily-pick,0
2026-08-09,823345,2026-08-09T17:35:00Z,0.5474,0.569,0.5582,4.6,4.1,8.7,8.0,0.97,0.18,56.0,-0.45,0,1,0.0069,0.15-daily-pick,0
2026-08-09,823425,2026-08-09T17:35:00Z,0.5596,0.6713,0.6155,4.7,4.0,8.7,8.5,1.01,1.21,37.0,-0.59,0,1,0.0108,0.15-daily-pick,1
2026-08-09,823513,2026-08-09T17:35:00Z,0.5487,0.565,0.5568,4.6,4.0,8.6,8.5,1.03,1.29,108.0,0.32,0,1,0.0142,0.15-daily-pick,0
2026-08-09,823751,2026-08-09T18:10:00Z,0.6081,0.6968,0.6525,5.0,3.7,8.7,7.0,0.99,1.68,77.2,1.32,0,1,0.0082,0.15-daily-pick,1
2026-08-09,823835,2026-08-09T17:40:00Z,0.5794,0.5723,0.5758,4.6,3.7,8.3,8.5,0.95,0.91,45.0,0.43,1,1,0.0069,0.15-daily-pick,1
2026-08-09,824078,2026-08-09T18:10:00Z,0.446,0.4012,0.4236,4.3,5.0,9.3,10.5,1.03,0.21,31.0,-1.38,0,1,0.0137,0.15-daily-pick,0
2026-08-09,824564,2026-08-09T18:10:00Z,0.5485,0.4495,0.499,4.7,4.1,8.8,8.5,1.03,0.1,118.2,0.15,0,1,0.0176,0.15-daily-pick,1
2026-08-09,824724,2026-08-09T17:35:00Z,0.6033,0.6801,0.6417,5.1,3.8,8.9,9.5,1.06,0.22,35.0,2.77,1,1,0.0073,0.15-daily-pick,0
2026-08-09,825050,2026-08-09T20:10:00Z,0.4898,0.427,0.4584,4.6,4.8,9.4,9.0,1.05,0.25,117.0,-0.15,0,1,0.0034,0.15-daily-pick,1
2026-08-10,822780,2026-08-10T23:07:00Z,0.3907,0.4149,0.4028,3.7,4.8,8.5,8.5,1.0,-1.92,80.0,-0.86,0,1,0.0065,0.15-daily-pick,1
2026-08-10,823018,2026-08-10T23:45:00Z,0.5306,0.476,0.5033,4.7,4.3,9.1,9.0,0.97,1.0,40.0,0.08,0,1,0.0047,0.15-daily-pick,0
2026-08-10,823189,2026-08-11T01:45:00Z,0.4797,0.4183,0.449,4.0,4.3,8.3,8.5,0.94,0.11,11.2,-0.33,0,1,0.0033,0.15-daily-pick,0
2026-08-10,823265,2026-08-11T01:40:00Z,0.4836,0.4772,0.4804,3.9,4.1,7.9,7.5,0.95,0.08,50.0,-0.16,0,1,0.0087,0.15-daily-pick,1
2026-08-10,823675,2026-08-10T23:40:00Z,0.4665,0.4827,0.4746,4.5,4.8,9.3,8.5,0.99,-0.97,41.0,-0.71,0,1,0.0022,0.15-daily-pick,1
2026-08-10,823918,2026-08-11T02:10:00Z,0.5946,0.7076,0.6511,5.1,3.9,9.0,7.5,1.0,0.81,102.2,1.35,0,0,0.0023,0.15-daily-pick,1
2026-08-10,823998,2026-08-11T01:38:00Z,0.5207,0.4838,0.5022,4.4,4.1,8.5,8.0,1.0,0.25,128.2,-0.14,0,1,0.0049,0.15-daily-pick,0
2026-08-10,824887,2026-08-10T23:15:00Z,0.5367,0.5772,0.5569,4.5,4.1,8.6,8.5,1.0,-0.42,74.1,0.28,0,1,0.0102,0.15-daily-pick,0
2026-08-10,824969,2026-08-11T01:40:00Z,0.4797,0.4087,0.4442,4.7,5.1,9.8,10.0,1.02,-0.2,75.0,-1.69,0,1,0.0143,0.15-daily-pick,0
2026-08-10,825048,2026-08-11T01:40:00Z,0.52,0.6434,0.5817,4.9,4.6,9.5,8.5,1.05,0.49,29.2,0.77,0,1,0.013,0.15-daily-pick,1
2026-08-11,822778,2026-08-11T23:07:00Z,0.5022,0.5661,0.5341,3.9,3.9,7.8,7.0,1.0,1.23,24.0,-0.85,0,1,0.0036,0.15-daily-pick,1
2026-08-11,823019,2026-08-11T23:45:00Z,0.4906,0.3935,0.442,4.1,4.2,8.3,8.0,0.97,-0.75,124.0,0.08,0,1,0.0057,0.15-daily-pick,1
2026-08-11,823264,2026-08-12T01:40:00Z,0.4289,0.4721,0.4505,3.8,4.5,8.3,7.5,0.95,-1.12,88.2,-0.15,0,1,0.0084,0.15-daily-pick,1
2026-08-11,823512,2026-08-11T23:05:00Z,0.5507,0.546,0.5484,4.5,3.9,8.4,8.0,1.03,0.01,121.0,0.65,0,1,0.0059,0.15-daily-pick,1
2026-08-11,823673,2026-08-11T23:40:00Z,0.4948,0.5162,0.5055,4.5,4.6,9.1,9.5,0.99,-0.5,93.0,-0.66,0,1,0.0045,0.15-daily-pick,0
2026-08-11,823832,2026-08-11T22:40:00Z,0.4777,0.4838,0.4807,4.1,4.3,8.4,7.0,0.95,-0.21,109.2,0.36,0,1,0.0,0.15-daily-pick,1
2026-08-11,823917,2026-08-12T02:10:00Z,0.5604,0.7057,0.6331,5.0,4.3,9.3,8.5,1.0,-0.55,3.0,1.36,0,0,0.0125,0.15-daily-pick,1
2026-08-11,823997,2026-08-12T01:38:00Z,0.4716,0.4313,0.4515,4.4,4.8,9.1,9.0,1.0,-1.36,4.1,-0.19,0,1,0.0071,0.15-daily-pick,1
2026-08-11,824240,2026-08-11T22:40:00Z,0.551,0.5376,0.5443,4.5,3.9,8.4,8.0,0.97,0.14,67.1,0.27,0,1,0.0081,0.15-daily-pick,1
2026-08-11,824563,2026-08-11T23:40:00Z,0.5943,0.5925,0.5934,5.1,4.0,9.2,7.5,1.03,1.02,62.2,0.71,0,1,0.0141,0.15-daily-pick,0
2026-08-11,824886,2026-08-11T23:15:00Z,0.5408,0.5457,0.5433,4.5,4.0,8.5,8.5,1.0,-0.16,100.1,0.27,0,1,0.0078,0.15-daily-pick,1
2026-08-11,824970,2026-08-12T01:40:00Z,0.4245,0.3914,0.408,4.3,5.2,9.4,10.5,1.02,-1.16,34.0,-1.77,0,1,0.0057,0.15-daily-pick,0
2026-08-11,825046,2026-08-12T01:40:00Z,0.5187,0.6187,0.5687,5.2,5.0,10.2,9.5,1.05,0.28,27.2,0.81,0,1,0.0068,0.15-daily-pick,0
2026-08-12,822779,2026-08-12T23:07:00Z,0.4583,0.4706,0.4645,3.7,4.1,7.7,7.0,1.0,-0.27,103.0,-0.82,0,1,0.0042,0.15-daily-pick,1
2026-08-12,823017,2026-08-12T18:15:00Z,0.4979,0.3992,0.4485,4.2,4.2,8.3,8.0,0.97,-0.45,110.1,0.13,0,1,0.0075,0.15-daily-pick,1
2026-08-12,823263,2026-08-12T20:10:00Z,0.4761,0.4815,0.4788,4.0,4.3,8.3,8.0,0.95,-0.05,115.0,-0.11,0,1,0.0022,0.15-daily-pick,1
2026-08-12,823511,2026-08-12T23:05:00Z,0.5811,0.5457,0.5634,4.5,3.6,8.1,8.5,1.03,-0.29,79.0,0.73,1,1,0.0078,0.15-daily-pick,1
2026-08-12,823672,2026-08-12T17:40:00Z,0.4795,0.5093,0.4944,4.4,4.7,9.1,9.0,0.99,-1.01,86.0,-0.66,0,1,0.0025,0.15-daily-pick,1
2026-08-12,823833,2026-08-12T22:40:00Z,0.5068,0.5104,0.5086,4.2,4.1,8.3,8.0,0.95,-0.57,81.2,0.36,1,1,0.0092,0.15-daily-pick,1
2026-08-12,823916,2026-08-13T02:10:00Z,0.5361,0.6564,0.5962,5.0,4.5,9.5,9.0,1.0,-1.37,47.2,1.34,0,0,0.0053,0.15-daily-pick,1
2026-08-12,823994,2026-08-13T02:10:00Z,0.5152,0.4433,0.4793,4.3,4.1,8.4,9.0,1.0,-0.48,8.2,-0.17,1,1,0.0113,0.15-daily-pick,1
2026-08-12,824241,2026-08-12T22:40:00Z,0.5463,0.5369,0.5416,4.4,3.9,8.3,8.0,0.97,-0.24,127.1,0.25,0,1,0.0062,0.15-daily-pick,0
2026-08-12,824562,2026-08-12T23:40:00Z,0.5515,0.5715,0.5615,5.1,4.4,9.5,9.0,1.03,-0.05,89.0,0.62,0,1,0.0052,0.15-daily-pick,1
2026-08-12,824883,2026-08-12T23:15:00Z,0.527,0.6158,0.5714,4.5,4.2,8.7,8.5,1.0,-0.59,39.1,0.33,0,1,0.0127,0.15-daily-pick,1
2026-08-12,824967,2026-08-12T19:05:00Z,0.4073,0.3387,0.373,4.1,5.3,9.4,9.5,1.02,-1.88,76.2,-1.83,0,1,0.0104,0.15-daily-pick,0
2026-08-12,825047,2026-08-12T19:40:00Z,0.5089,0.6096,0.5593,5.4,5.2,10.6,9.5,1.05,0.21,82.0,0.79,0,1,0.007,0.15-daily-pick,0
2026-08-13,822696,2026-08-13T20:05:00Z,0.502,0.4239,0.4629,4.9,4.9,9.7,8.5,0.99,0.22,128.2,-1.02,0,1,0.0067,0.15-daily-pick,1
2026-08-13,822776,2026-08-13T19:07:00Z,0.4216,0.4077,0.4147,3.7,4.6,8.4,8.0,1.0,-1.74,36.0,-0.79,0,1,0.0047,0.15-daily-pick,0
2026-08-13,823508,2026-08-13T17:35:00Z,0.5775,0.5719,0.5747,4.5,3.7,8.2,7.5,1.03,0.39,81.1,0.87,0,1,0.0086,0.15-daily-pick,0
2026-08-13,823669,2026-08-13T23:30:00Z,0.5488,0.5035,0.5261,5.0,4.4,9.4,8.5,1.0,1.01,125.0,-0.32,0,0,0.0071,0.15-daily-pick,0
2026-08-13,823829,2026-08-13T17:10:00Z,0.5129,0.4654,0.4892,4.2,4.1,8.2,8.0,0.95,-0.15,93.1,0.41,1,1,0.0062,0.15-daily-pick,0
2026-08-13,823915,2026-08-14T02:10:00Z,0.486,0.5715,0.5288,4.6,4.7,9.4,8.5,1.0,-0.71,93.0,-0.47,0,0,0.0052,0.15-daily-pick,0
2026-08-13,823995,2026-08-14T02:07:00Z,0.5408,0.4153,0.4781,4.2,3.8,8.0,7.5,1.0,0.13,101.2,-0.09,1,1,0.0048,0.15-daily-pick,1
2026-08-13,824238,2026-08-13T17:10:00Z,0.5323,0.4854,0.5089,4.2,3.8,8.0,8.0,0.97,-0.54,122.1,0.22,0,1,0.0123,0.15-daily-pick,1
2026-08-13,824561,2026-08-13T18:10:00Z,0.5614,0.5525,0.557,5.0,4.2,9.2,8.5,1.03,0.33,123.0,0.67,0,1,0.0194,0.15-daily-pick,0
2026-08-14,822777,2026-08-14T23:15:00Z,0.4237,0.4228,0.4233,3.8,4.7,8.5,8.0,1.0,-1.13,42.2,-0.8,0,1,0.0102,0.15-daily-pick,1
2026-08-14,823185,2026-08-15T02:15:00Z,0.523,0.544,0.5335,4.5,4.3,8.8,7.5,0.94,1.17,112.2,0.6,0,1,0.004,0.15-daily-pick,0
2026-08-14,823346,2026-08-14T22:40:00Z,0.4979,0.4642,0.4811,4.3,4.3,8.6,8.0,0.97,-0.55,76.2,-1.24,0,1,0.0062,0.15-daily-pick,1
2026-08-14,823591,2026-08-14T23:10:00Z,0.4474,0.5228,0.4851,4.3,4.9,9.2,8.5,0.96,-0.86,8.0,1.1,0,1,0.0048,0.15-daily-pick,1
2026-08-14,823913,2026-08-15T02:10:00Z,0.5275,0.6257,0.5766,4.7,4.3,9.0,7.5,1.0,1.01,67.0,-0.52,0,0,0.0052,0.15-daily-pick,1
2026-08-14,823993,2026-08-15T01:38:00Z,0.5034,0.4932,0.4983,4.7,4.6,9.3,8.5,1.0,-0.87,55.0,0.99,0,1,0.014,0.15-daily-pick,0
2026-08-14,824159,2026-08-15T00:10:00Z,0.5441,0.5346,0.5393,4.3,3.8,8.1,8.0,0.97,0.1,113.2,0.01,0,1,0.0062,0.15-daily-pick,1
2026-08-14,824237,2026-08-14T22:40:00Z,0.4888,0.552,0.5204,4.2,4.3,8.5,8.5,0.97,-0.53,5.0,0.11,0,1,0.0077,0.15-daily-pick,0
2026-08-14,824399,2026-08-14T23:10:00Z,0.4953,0.5489,0.5221,3.9,3.9,7.9,7.5,0.97,0.21,136.1,-0.4,0,1,0.0058,0.15-daily-pick,0
2026-08-14,824479,2026-08-14T22:10:00Z,0.4961,0.5162,0.5062,4.3,4.3,8.7,8.0,1.04,0.43,124.0,-0.54,0,1,0.0022,0.15-daily-pick,1
2026-08-14,824643,2026-08-14T18:20:00Z,0.5915,0.6239,0.6077,5.4,4.2,9.6,8.0,1.02,0.95,56.2,0.41,0,1,0.0105,0.15-daily-pick,1
2026-08-15,822775,2026-08-15T19:07:00Z,0.4263,0.3895,0.4079,3.5,4.3,7.9,7.5,1.0,-1.15,61.0,-0.77,0,1,0.0057,0.15-daily-pick,1
2026-08-15,822941,2026-08-15T22:10:00Z,0.5124,0.5772,0.5448,4.5,4.4,8.9,7.5,1.0,-0.13,90.1,0.13,0,0,0.0067,0.15-daily-pick,0
2026-08-15,823184,2026-08-15T20:05:00Z,0.5286,0.6094,0.569,4.6,4.3,8.9,7.5,0.94,1.68,112.0,0.62,0,1,0.0057,0.15-daily-pick,1
2026-08-15,823347,2026-08-15T23:15:00Z,0.4799,0.4633,0.4716,4.2,4.4,8.6,7.5,0.97,-0.9,59.0,-1.21,0,1,0.0061,0.15-daily-pick,0
2026-08-15,823588,2026-08-15T20:10:00Z,0.4759,0.5605,0.5182,4.4,4.6,9.0,8.0,0.96,-0.08,61.2,1.15,0,1,0.0018,0.15-daily-pick,1
2026-08-15,823671,2026-08-15T23:10:00Z,0.4908,0.441,0.4659,4.4,4.5,9.0,8.0,0.99,-0.94,82.2,-0.36,0,1,0.0073,0.15-daily-pick,0
2026-08-15,823914,2026-08-15T23:15:00Z,0.4658,0.4589,0.4624,4.1,4.5,8.6,7.5,1.0,-1.27,120.1,-0.5,0,0,0.0139,0.15-daily-pick,0
2026-08-15,823990,2026-08-16T01:38:00Z,0.5215,0.584,0.5528,4.4,4.2,8.7,8.0,1.0,-0.09,36.0,0.93,0,1,0.0098,0.15-daily-pick,1
2026-08-15,824157,2026-08-15T23:10:00Z,0.5334,0.5327,0.5331,4.3,3.9,8.2,8.5,0.97,-0.48,18.2,0.02,0,1,0.0042,0.15-daily-pick,0
2026-08-15,824239,2026-08-15T17:10:00Z,0.5349,0.5613,0.5481,4.5,4.1,8.5,7.5,0.97,1.05,80.0,0.13,0,1,0.0018,0.15-daily-pick,0
2026-08-15,824480,2026-08-15T22:40:00Z,0.4706,0.5023,0.4865,4.5,4.9,9.3,9.0,1.04,-0.34,49.0,-0.53,0,1,0.0098,0.15-daily-pick,0
2026-08-15,824644,2026-08-15T18:20:00Z,0.5677,0.6247,0.5962,5.0,4.2,9.3,9.0,1.02,0.08,79.2,0.42,0,1,0.0026,0.15-daily-pick,0
2026-08-15,824884,2026-08-15T23:15:00Z,0.5129,0.5525,0.5327,4.4,4.3,8.8,9.0,1.0,-0.63,114.0,0.63,0,1,0.0095,0.15-daily-pick,0
2026-08-15,824966,2026-08-16T01:40:00Z,0.52,0.4249,0.4724,4.6,4.3,8.8,9.5,1.02,0.17,121.1,-1.4,1,1,0.0051,0.15-daily-pick,0
2026-08-16,822774,2026-08-16T17:37:00Z,0.4927,0.5306,0.5116,3.9,3.9,7.8,6.5,1.0,0.9,126.2,-0.69,0,1,0.0021,0.15-daily-pick,0
2026-08-16,822940,2026-08-16T16:15:00Z,0.4971,0.5687,0.5329,4.6,4.6,9.2,7.5,1.0,-0.7,119.2,0.15,0,0,0.0035,0.15-daily-pick,0
2026-08-16,823182,2026-08-16T20:05:00Z,0.503,0.5449,0.5239,4.3,4.3,8.5,8.0,0.94,0.46,22.2,0.62,0,1,0.0059,0.15-daily-pick,0
2026-08-16,823344,2026-08-16T17:35:00Z,0.5075,0.4862,0.4969,4.4,4.4,8.8,8.0,0.97,-0.23,30.0,-1.24,0,1,0.0068,0.15-daily-pick,1
2026-08-16,823590,2026-08-16T17:40:00Z,0.5098,0.605,0.5574,4.6,4.4,9.0,8.5,0.96,1.07,65.1,1.15,0,1,0.0087,0.15-daily-pick,1
2026-08-16,823670,2026-08-16T18:10:00Z,0.5221,0.4977,0.5099,5.0,4.7,9.7,9.5,0.99,0.37,48.0,-0.36,0,1,0.0049,0.15-daily-pick,0
2026-08-16,823912,2026-08-16T20:10:00Z,0.5061,0.6239,0.565,4.4,4.3,8.7,7.5,1.0,0.35,56.1,-0.49,0,0,0.0065,0.15-daily-pick,0
2026-08-16,823991,2026-08-16T20:07:00Z,0.5202,0.4842,0.5022,4.6,4.3,8.9,9.0,1.0,-1.25,55.0,0.93,1,0,0.0098,0.15-daily-pick,0
2026-08-16,824156,2026-08-16T23:20:00Z,0.5263,0.5303,0.5283,4.4,4.0,8.4,7.5,0.97,-0.34,63.2,0.02,0,1,0.0084,0.15-daily-pick,0
2026-08-16,824236,2026-08-16T17:40:00Z,0.472,0.5173,0.4946,4.1,4.4,8.5,8.0,0.97,-0.58,71.1,0.12,0,1,0.0024,0.15-daily-pick,0
2026-08-16,824397,2026-08-16T17:40:00Z,0.4646,0.4884,0.4765,3.8,4.2,8.0,8.0,0.97,-0.67,96.0,-0.34,0,1,0.0116,0.15-daily-pick,0
2026-08-16,824477,2026-08-16T17:40:00Z,0.4546,0.4685,0.4615,4.3,4.8,9.1,8.5,1.04,-0.96,66.2,-0.64,0,1,0.0042,0.15-daily-pick,0
2026-08-16,824642,2026-08-16T19:15:00Z,0.5309,0.6178,0.5743,5.0,4.6,9.6,9.0,1.02,-0.64,45.0,0.42,0,1,0.004,0.15-daily-pick,0
2026-08-16,824880,2026-08-16T17:35:00Z,0.5098,0.539,0.5244,4.4,4.3,8.8,9.0,1.0,-0.82,86.1,0.58,0,1,0.002,0.15-daily-pick,1
2026-08-16,824965,2026-08-16T20:05:00Z,0.5063,0.448,0.4771,4.6,4.4,9.0,10.0,1.02,-0.8,11.1,-1.42,1,1,0.0019,0.15-daily-pick,1
2026-08-17,822939,2026-08-17T22:05:00Z,0.508,0.5983,0.5531,4.4,4.3,8.7,7.5,1.0,0.24,99.0,0.0,0,0,0.003,0.15-daily-pick,1
2026-08-17,823343,2026-08-17T23:05:00Z,0.5255,0.4942,0.5099,4.6,4.3,8.9,8.0,0.97,0.29,99.2,-0.46,0,1,0.0074,0.15-daily-pick,0
2026-08-17,823427,2026-08-17T22:40:00Z,0.535,0.6911,0.613,4.5,4.1,8.6,8.0,1.01,1.26,87.2,-0.46,0,1,0.0025,0.15-daily-pick,1
2026-08-17,823589,2026-08-17T23:10:00Z,0.5261,0.5336,0.5299,4.2,3.9,8.1,8.0,0.96,0.75,114.1,-0.13,0,1,0.0041,0.15-daily-pick,1
2026-08-17,823668,2026-08-17T23:40:00Z,0.4538,0.4574,0.4556,4.3,4.9,9.2,9.5,0.99,-0.72,99.0,-1.28,0,1,0.0099,0.15-daily-pick,1
2026-08-17,824077,2026-08-17T23:40:00Z,0.5314,0.6247,0.5781,5.1,4.7,9.8,9.0,1.03,1.24,38.0,0.43,0,1,0.0026,0.15-daily-pick,1
2026-08-17,824320,2026-08-18T00:40:00Z,0.4752,0.2985,0.3869,5.8,6.2,12.1,11.0,1.24,-0.58,9.0,-0.87,0,1,0.0087,0.15-daily-pick,0
2026-08-17,824478,2026-08-17T22:40:00Z,0.4632,0.4709,0.467,4.4,4.9,9.2,9.0,1.04,-0.8,94.1,-0.36,0,1,0.0084,0.15-daily-pick,1
2026-08-17,824641,2026-08-18T00:05:00Z,0.5327,0.5998,0.5663,5.1,4.7,9.8,8.0,1.02,0.33,110.2,-0.04,0,1,0.0075,0.15-daily-pick,1
2026-08-17,824725,2026-08-17T23:10:00Z,0.5531,0.5559,0.5545,4.9,4.3,9.2,9.0,1.06,0.49,17.0,1.13,0,1,0.0037,0.15-daily-pick,1
2026-08-18,822859,2026-08-19T00:05:00Z,0.4597,0.5861,0.5229,4.4,4.9,9.3,8.0,0.98,0.25,4.0,0.54,0,1,0.0065,0.15-daily-pick,1
2026-08-18,822938,2026-08-18T22:40:00Z,0.5426,0.552,0.5473,4.4,3.9,8.3,7.5,1.0,0.1,133.2,-0.36,0,0,0.0077,0.15-daily-pick,0
2026-08-18,823341,2026-08-18T22:40:00Z,0.5079,0.5683,0.5381,4.4,4.3,8.6,8.0,0.97,-0.1,128.2,-0.51,0,1,0.0052,0.15-daily-pick,1
2026-08-18,823423,2026-08-18T22:40:00Z,0.5342,0.669,0.6016,4.6,4.3,8.9,8.0,1.01,1.06,33.2,-0.47,0,1,0.0101,0.15-daily-pick,1
2026-08-18,823586,2026-08-18T23:10:00Z,0.5078,0.4862,0.497,4.0,4.0,8.0,8.5,0.96,0.15,45.1,-0.12,0,1,0.0068,0.15-daily-pick,0
2026-08-18,823667,2026-08-18T23:40:00Z,0.4596,0.4642,0.4619,4.5,4.9,9.4,8.5,0.99,-0.49,91.0,-1.26,0,1,0.0083,0.15-daily-pick,1
2026-08-18,823749,2026-08-18T23:40:00Z,0.5835,0.6094,0.5964,4.7,3.7,8.4,7.5,0.99,0.28,85.0,0.49,0,1,0.0289,0.15-daily-pick,1
2026-08-18,824154,2026-08-19T00:10:00Z,0.5584,0.6019,0.5802,4.6,4.0,8.6,9.0,0.97,-0.33,14.2,0.34,1,1,0.0104,0.15-daily-pick,0
2026-08-18,824319,2026-08-19T00:40:00Z,0.4778,0.3676,0.4227,6.1,6.4,12.5,11.5,1.24,-0.2,87.0,-0.87,0,1,0.0063,0.15-daily-pick,0
2026-08-18,824398,2026-08-18T22:40:00Z,0.5683,0.638,0.6031,4.4,3.7,8.1,8.0,0.97,0.87,28.0,0.41,1,1,0.0121,0.15-daily-pick,1
2026-08-18,824475,2026-08-18T22:40:00Z,0.4717,0.4762,0.474,4.3,4.8,9.1,9.0,1.04,-0.58,117.1,-0.36,0,1,0.0109,0.15-daily-pick,0
2026-08-18,824723,2026-08-18T23:10:00Z,0.5839,0.608,0.596,5.2,4.2,9.4,8.0,1.06,1.6,108.0,1.23,0,1,0.0028,0.15-daily-pick,1
2026-08-18,824803,2026-08-18T22:35:00Z,0.5023,0.4877,0.495,4.2,4.2,8.5,8.5,1.0,0.04,46.1,-1.09,0,0,0.016,0.15-daily-pick,0
2026-08-19,822860,2026-08-20T00:05:00Z,0.4423,0.554,0.4981,4.2,4.9,9.1,7.5,0.98,-0.71,116.0,0.52,0,1,0.0021,0.15-daily-pick,0
2026-08-19,822937,2026-08-19T22:40:00Z,0.5899,0.6462,0.6181,4.9,3.8,8.7,7.5,1.0,1.88,41.0,-0.38,0,0,0.008,0.15-daily-pick,1
2026-08-19,823342,2026-08-19T16:35:00Z,0.5496,0.589,0.5693,4.8,4.2,9.0,8.5,0.97,0.82,8.2,-0.5,0,1,0.0016,0.15-daily-pick,1
2026-08-19,823424,2026-08-19T22:05:00Z,0.4683,0.5388,0.5035,4.4,4.8,9.2,9.0,1.01,-1.12,130.0,-0.39,0,1,0.004,0.15-daily-pick,1
2026-08-19,823587,2026-08-19T17:10:00Z,0.4848,0.4387,0.4618,4.0,4.2,8.2,8.5,0.96,-0.54,12.1,-0.14,0,1,0.0036,0.15-daily-pick,1
2026-08-19,823664,2026-08-19T17:40:00Z,0.4815,0.4884,0.4849,4.5,4.7,9.1,8.5,0.99,0.16,4.1,-1.19,0,1,0.014,0.15-daily-pick,1
2026-08-19,823748,2026-08-19T23:40:00Z,0.5732,0.5313,0.5522,4.7,3.9,8.5,7.0,0.99,-0.26,122.0,0.79,0,1,0.0062,0.15-daily-pick,0
2026-08-19,824318,2026-08-20T00:40:00Z,0.4757,0.3565,0.4161,6.0,6.4,12.4,11.5,1.24,-0.52,111.0,-0.83,0,1,0.0084,0.15-daily-pick,0
2026-08-19,824476,2026-08-19T22:40:00Z,0.5306,0.5796,0.5551,4.6,4.3,8.9,8.5,1.04,1.36,119.0,-0.39,0,1,0.0134,0.15-daily-pick,1
2026-08-19,824640,2026-08-19T18:20:00Z,0.5317,0.5705,0.5511,4.7,4.4,9.1,8.0,1.02,-0.16,63.1,-0.03,0,1,0.0017,0.15-daily-pick,0
2026-08-19,824722,2026-08-19T20:10:00Z,0.546,0.5983,0.5721,4.7,4.2,8.9,8.0,1.06,0.28,92.2,1.28,0,1,0.003,0.15-daily-pick,0
2026-08-19,824801,2026-08-19T22:35:00Z,0.508,0.4716,0.4898,4.3,4.2,8.5,9.0,1.0,-0.29,61.2,-1.09,1,0,0.0042,0.15-daily-pick,0
2026-08-20,822861,2026-08-21T00:05:00Z,0.4539,0.5983,0.5261,4.2,4.7,9.0,7.5,0.98,0.01,75.0,0.44,0,1,0.003,0.15-daily-pick,1
2026-08-20,822934,2026-08-20T17:10:00Z,0.5602,0.6008,0.5805,4.8,4.1,8.9,7.0,1.0,0.69,48.2,-0.4,0,0,0.003,0.15-daily-pick,0
2026-08-20,823747,2026-08-20T18:10:00Z,0.5619,0.548,0.555,4.7,4.0,8.8,8.0,0.99,-0.47,73.1,0.84,0,1,0.0078,0.15-daily-pick,1
2026-08-20,824074,2026-08-20T18:10:00Z,0.5266,0.562,0.5443,4.9,4.5,9.4,8.0,1.03,0.55,41.2,0.55,0,1,0.0054,0.15-daily-pick,1
2026-08-20,824153,2026-08-21T00:10:00Z,0.6155,0.6275,0.6215,4.9,3.6,8.5,8.5,0.97,1.47,59.0,0.38,1,1,0.0078,0.15-daily-pick,0
2026-08-20,824395,2026-08-20T17:10:00Z,0.5472,0.6527,0.5999,4.1,3.6,7.8,7.0,0.97,0.22,129.1,0.35,1,1,0.01,0.15-daily-pick,1
2026-08-20,824474,2026-08-20T16:40:00Z,0.459,0.4931,0.4761,4.3,4.8,9.1,9.0,1.04,-0.71,125.2,-0.37,0,1,0.007,0.15-daily-pick,0
2026-08-20,824589,2026-08-20T18:10:00Z,0.4985,0.4954,0.497,4.8,4.8,9.5,8.5,1.03,-0.02,117.2,-0.27,0,1,0.007,0.15-daily-pick,0
2026-08-20,824802,2026-08-20T22:35:00Z,0.4819,0.4685,0.4752,4.1,4.3,8.4,7.5,1.0,-0.24,86.2,-1.12,0,0,0.0042,0.15-daily-pick,0
2026-08-21,822857,2026-08-22T00:15:00Z,0.49,0.5654,0.5277,4.0,4.2,8.2,7.5,0.98,-0.41,139.2,-0.06,0,1,0.0071,0.15-daily-pick,1
2026-08-21,823101,2026-08-22T02:10:00Z,0.461,0.5034,0.4822,3.8,4.3,8.1,8.0,0.92,0.56,85.0,-0.36,0,1,0.0122,0.15-daily-pick,1
2026-08-21,823510,2026-08-21T23:05:00Z,0.5887,0.6471,0.6179,4.5,3.5,8.1,7.0,1.03,1.09,51.0,0.74,0,1,0.0068,0.15-daily-pick,1
2026-08-21,823746,2026-08-21T20:10:00Z,0.5536,0.5683,0.5609,4.1,3.5,7.7,6.0,0.99,0.23,129.0,0.12,1,1,0.0106,0.15-daily-pick,1
2026-08-21,823830,2026-08-21T23:10:00Z,0.4783,0.5778,0.5281,4.4,4.7,9.1,7.5,0.95,-0.13,53.2,0.82,0,1,0.0033,0.15-daily-pick,1
2026-08-21,823911,2026-08-22T02:10:00Z,0.5403,0.6746,0.6074,4.8,4.3,9.2,8.0,1.0,0.85,121.1,0.19,0,0,0.0107,0.15-daily-pick,1
2026-08-21,824072,2026-08-22T00:10:00Z,0.4363,0.4782,0.4573,4.1,4.8,8.9,8.0,1.03,-0.74,84.1,-1.43,0,1,0.0157,0.15-daily-pick,1
2026-08-21,824152,2026-08-22T00:10:00Z,0.5408,0.6257,0.5832,4.7,4.3,9.0,8.0,0.97,-0.36,22.2,1.73,0,1,0.0039,0.15-daily-pick,1
2026-08-21,824317,2026-08-22T00:40:00Z,0.5176,0.41,0.4638,5.7,5.4,11.2,10.5,1.24,-0.77,71.1,-0.92,0,1,0.0047,0.15-daily-pick,0
2026-08-21,824559,2026-08-21T23:40:00Z,0.5634,0.5676,0.5655,4.8,4.0,8.7,8.0,1.03,0.67,111.0,-0.07,0,1,0.0035,0.15-daily-pick,1
2026-08-21,824721,2026-08-21T23:10:00Z,0.5995,0.6206,0.6101,4.7,3.5,8.2,7.5,1.06,0.18,132.2,1.3,1,1,0.0121,0.15-daily-pick,1
2026-08-21,824800,2026-08-21T23:15:00Z,0.5276,0.5417,0.5346,4.7,4.4,9.1,7.5,1.0,0.71,125.2,0.02,0,0,0.008,0.15-daily-pick,1
2026-08-21,825045,2026-08-22T01:40:00Z,0.6029,0.5733,0.5881,5.1,3.8,9.0,8.5,1.05,1.07,71.2,0.37,1,1,0.0034,0.15-daily-pick,1
2026-08-22,822858,2026-08-22T23:05:00Z,0.569,0.601,0.585,4.6,3.8,8.4,8.0,0.98,1.3,15.1,-0.05,1,1,0.0074,0.15-daily-pick,0
2026-08-22,823261,2026-08-23T00:40:00Z,0.5578,0.5605,0.5592,4.5,3.8,8.4,8.5,0.95,1.27,53.1,1.12,0,1,0.0018,0.15-daily-pick,1
2026-08-22,823509,2026-08-22T17:35:00Z,0.5242,0.5,0.5121,4.1,3.9,8.0,6.5,1.03,-0.85,134.0,0.75,0,1,0.0024,0.15-daily-pick,0
2026-08-22,823743,2026-08-22T18:10:00Z,0.5648,0.5971,0.581,4.5,3.8,8.3,8.0,0.99,0.22,63.1,0.12,1,1,0.0046,0.15-daily-pick,1
2026-08-22,823831,2026-08-22T20:10:00Z,0.5254,0.6197,0.5725,4.7,4.4,9.1,7.5,0.95,1.12,71.1,0.83,0,1,0.0026,0.15-daily-pick,1
2026-08-22,823910,2026-08-22T23:15:00Z,0.5437,0.6968,0.6203,4.9,4.4,9.3,7.5,1.0,1.07,64.0,0.13,0,0,0.0082,0.15-daily-pick,1
2026-08-22,824073,2026-08-22T23:15:00Z,0.4733,0.5,0.4867,4.4,4.8,9.2,8.5,1.03,0.13,76.1,-1.41,0,1,0.0024,0.15-daily-pick,1
2026-08-22,824151,2026-08-22T23:10:00Z,0.5688,0.6858,0.6273,5.0,4.2,9.2,8.0,0.97,0.6,68.2,1.74,0,1,0.0053,0.15-daily-pick,0
2026-08-22,824316,2026-08-23T00:10:00Z,0.5258,0.4324,0.4791,5.8,5.4,11.2,11.0,1.24,-0.3,37.2,-0.99,0,1,0.0107,0.15-daily-pick,0
2026-08-22,824560,2026-08-22T23:10:00Z,0.5119,0.5193,0.5156,4.6,4.4,9.0,8.5,1.03,-0.8,84.2,-0.03,0,1,0.0134,0.15-daily-pick,0
2026-08-22,824718,2026-08-22T23:15:00Z,0.5897,0.653,0.6214,4.9,3.8,8.7,8.0,1.06,-0.05,27.0,1.28,1,1,0.0111,0.15-daily-pick,1
2026-08-22,824798,2026-08-22T23:05:00Z,0.4961,0.458,0.4771,4.3,4.4,8.8,8.0,1.0,-0.33,102.1,0.03,0,0,0.006,0.15-daily-pick,1
2026-08-22,825044,2026-08-23T00:10:00Z,0.6085,0.609,0.6087,5.1,3.7,8.8,8.0,1.05,1.19,92.0,0.42,1,1,0.0101,0.15-daily-pick,0
2026-08-23,822856,2026-08-23T18:35:00Z,0.5226,0.5945,0.5586,4.3,4.0,8.3,8.0,0.98,0.49,31.0,-0.06,0,1,0.0046,0.15-daily-pick,1
2026-08-23,823099,2026-08-23T20:10:00Z,0.4515,0.4797,0.4656,3.8,4.3,8.1,7.5,0.92,0.17,89.2,-0.34,0,1,0.0087,0.15-daily-pick,0
2026-08-23,823258,2026-08-23T20:10:00Z,0.5298,0.5613,0.5455,4.5,4.2,8.7,8.5,0.95,0.08,103.1,1.2,0,1,0.0018,0.15-daily-pick,1
2026-08-23,823421,2026-08-23T17:35:00Z,0.5408,0.666,0.6034,4.5,4.1,8.6,8.0,1.01,0.65,122.1,0.03,0,1,0.0101,0.15-daily-pick,1
2026-08-23,823507,2026-08-23T17:35:00Z,0.5484,0.552,0.5502,4.4,3.9,8.3,8.0,1.03,-0.16,50.1,0.76,0,1,0.0077,0.15-daily-pick,1
2026-08-23,823745,2026-08-23T23:10:00Z,0.5712,0.5388,0.555,4.7,3.9,8.6,7.5,1.0,0.46,100.1,0.11,1,0,0.004,0.15-daily-pick,0
2026-08-23,823827,2026-08-23T17:40:00Z,0.4951,0.5939,0.5445,4.6,4.6,9.2,8.5,0.95,0.36,7.2,0.85,0,1,0.0062,0.15-daily-pick,1
2026-08-23,823909,2026-08-23T20:10:00Z,0.5189,0.7147,0.6168,4.9,4.6,9.5,8.5,1.0,0.26,15.0,0.16,0,0,0.0108,0.15-daily-pick,1
2026-08-23,824071,2026-08-23T18:10:00Z,0.4777,0.4862,0.482,4.4,4.7,9.0,8.5,1.03,0.34,27.2,-1.4,0,1,0.0045,0.15-daily-pick,1
2026-08-23,824150,2026-08-23T18:10:00Z,0.5218,0.6206,0.5712,4.8,4.4,9.2,9.0,0.97,-0.87,23.0,1.71,0,1,0.008,0.15-daily-pick,0
2026-08-23,824315,2026-08-23T19:10:00Z,0.5066,0.3931,0.4498,5.7,5.6,11.2,11.0,1.24,-0.95,118.2,-0.98,0,1,0.0073,0.15-daily-pick,0
2026-08-23,824558,2026-08-23T18:10:00Z,0.5517,0.5034,0.5276,4.6,4.0,8.7,8.0,1.03,0.26,70.0,-0.09,0,1,0.0094,0.15-daily-pick,1
2026-08-23,824720,2026-08-23T19:15:00Z,0.5863,0.6564,0.6213,4.9,3.9,8.8,8.5,1.06,0.45,2.0,1.33,0,1,0.0053,0.15-daily-pick,1
2026-08-23,824799,2026-08-23T17:35:00Z,0.4944,0.5,0.4972,4.3,4.4,8.7,9.0,1.0,-0.1,141.2,0.07,0,0,0.0048,0.15-daily-pick,0
2026-08-23,825043,2026-08-23T20:15:00Z,0.5671,0.5509,0.559,5.0,4.2,9.2,9.0,1.05,-0.16,36.2,0.36,1,1,0.0038,0.15-daily-pick,1
2026-08-24,822695,2026-08-24T22:45:00Z,0.5743,0.6319,0.6031,5.5,4.4,9.9,8.0,0.99,1.65,92.0,-0.01,0,1,0.005,0.15-daily-pick,1
2026-08-24,823097,2026-08-25T01:40:00Z,0.4712,0.4873,0.4792,3.7,4.1,7.8,6.5,0.92,-0.22,120.1,-0.13,0,1,0.0068,0.15-daily-pick,1
2026-08-24,823260,2026-08-25T01:40:00Z,0.4957,0.4988,0.4973,4.1,4.2,8.3,7.5,0.95,-0.2,137.2,0.65,0,1,0.0024,0.15-daily-pick,0
2026-08-24,823828,2026-08-24T22:40:00Z,0.4767,0.4592,0.4679,3.8,4.1,7.9,7.0,0.95,-0.27,113.1,-1.02,0,1,0.004,0.15-daily-pick,0
2026-08-24,823992,2026-08-25T01:38:00Z,0.472,0.4017,0.4369,3.9,4.2,8.1,7.5,1.0,-1.08,21.2,-0.4,0,1,0.006,0.15-daily-pick,0
2026-08-24,824235,2026-08-24T22:40:00Z,0.4861,0.4571,0.4716,4.2,4.3,8.5,7.5,0.97,-0.86,134.1,0.25,0,1,0.008,0.15-daily-pick,0
2026-08-24,824557,2026-08-24T23:40:00Z,0.5915,0.5536,0.5726,5.0,3.8,8.8,8.0,1.03,0.13,16.0,0.56,1,1,0.0114,0.15-daily-pick,0
2026-08-24,824964,2026-08-25T01:40:00Z,0.4701,0.412,0.441,4.9,5.4,10.2,10.5,1.02,-0.69,96.2,-0.85,0,1,0.008,0.15-daily-pick,0
2026-08-24,825041,2026-08-25T01:40:00Z,0.4397,0.4324,0.4361,4.8,5.5,10.3,9.0,1.05,-1.03,129.0,-0.33,0,1,0.0035,0.15-daily-pick,0
2026-08-25,822773,2026-08-25T23:07:00Z,0.4854,0.542,0.5137,4.5,4.6,9.1,8.5,1.0,-1.07,45.0,1.43,0,1,0.002,0.15-daily-pick,0
2026-08-25,823098,2026-08-26T01:40:00Z,0.4955,0.5056,0.5006,4.1,4.2,8.3,7.5,0.92,0.73,137.0,-0.11,0,1,0.014,0.15-daily-pick,1
2026-08-25,823181,2026-08-26T01:45:00Z,0.5589,0.5023,0.5306,4.3,3.6,8.0,8.0,0.94,0.42,108.0,0.33,1,1,0.0071,0.15-daily-pick,1
2026-08-25,823259,2026-08-26T01:40:00Z,0.473,0.5336,0.5033,4.0,4.3,8.3,7.5,0.95,-0.23,139.0,0.66,0,1,0.0062,0.15-daily-pick,0
2026-08-25,823505,2026-08-25T23:05:00Z,0.5548,0.5687,0.5617,4.7,4.0,8.7,8.5,1.03,0.0,3.2,1.08,1,1,0.0035,0.15-daily-pick,0
2026-08-25,823585,2026-08-25T23:10:00Z,0.4517,0.3999,0.4258,3.8,4.4,8.2,7.5,0.96,-0.45,50.1,-0.38,0,1,0.0133,0.15-daily-pick,1
2026-08-25,823989,2026-08-26T01:38:00Z,0.5064,0.4288,0.4676,4.1,4.0,8.1,7.5,1.0,0.2,112.2,-0.4,0,1,0.0034,0.15-daily-pick,0
2026-08-25,824233,2026-08-25T22:40:00Z,0.5056,0.4551,0.4804,4.4,4.3,8.7,7.5,0.97,-0.23,14.0,0.24,0,1,0.0039,0.15-daily-pick,1
2026-08-25,824556,2026-08-25T23:40:00Z,0.5344,0.4944,0.5144,4.7,4.3,9.0,7.5,1.03,-0.59,126.2,0.48,0,1,0.0171,0.15-daily-pick,1
2026-08-25,824881,2026-08-25T23:15:00Z,0.4801,0.4139,0.447,4.4,4.6,9.1,8.5,1.0,-0.48,39.2,0.54,0,1,0.0032,0.15-daily-pick,1
2026-08-25,824962,2026-08-26T01:40:00Z,0.4742,0.4183,0.4463,4.6,5.0,9.6,10.0,1.02,-0.3,82.0,-0.82,0,1,0.0066,0.15-daily-pick,1
2026-08-25,825042,2026-08-26T01:40:00Z,0.4592,0.4907,0.475,4.4,5.0,9.4,8.5,1.05,-0.33,68.2,-0.39,0,1,0.0046,0.15-daily-pick,1
2026-08-27,822694,2026-08-27T17:05:00Z,0.5226,0.5701,0.5463,5.2,5.0,10.2,9.5,0.99,-0.27,42.2,-0.08,0,1,0.0069,0.15-daily-pick,1
2026-08-27,822771,2026-08-27T23:07:00Z,0.4954,0.4966,0.496,4.3,4.4,8.7,8.0,1.0,-0.72,91.1,1.46,0,1,0.007,0.15-daily-pick,0
2026-08-27,823179,2026-08-28T01:45:00Z,0.4973,0.5011,0.4992,4.1,4.2,8.3,8.0,0.94,0.5,17.2,-0.09,0,1,0.0072,0.15-daily-pick,1
2026-08-27,823503,2026-08-27T23:05:00Z,0.5517,0.5876,0.5696,4.7,4.1,8.8,8.0,1.03,0.56,27.2,1.09,0,1,0.0063,0.15-daily-pick,0
2026-08-27,823581,2026-08-27T23:10:00Z,0.4042,0.3591,0.3816,3.5,4.6,8.0,7.0,0.96,-1.77,117.0,-0.39,0,1,0.0107,0.15-daily-pick,0
2026-08-27,824879,2026-08-27T23:15:00Z,0.527,0.5358,0.5314,4.3,4.0,8.3,6.5,1.0,0.46,135.0,0.54,0,1,0.0062,0.15-daily-pick,1
2026-08-28,822691,2026-08-28T22:45:00Z,0.5074,0.417,0.4622,4.7,4.6,9.3,8.5,0.99,-0.94,12.1,-0.91,0,1,0.0082,0.15-daily-pick,1
2026-08-28,822935,2026-08-28T23:10:00Z,0.5025,0.5528,0.5277,4.2,4.1,8.3,7.5,1.0,0.1,104.2,-0.64,0,0,0.0096,0.15-daily-pick,1
2026-08-28,823013,2026-08-29T00:15:00Z,0.5082,0.4782,0.4932,4.4,4.4,8.8,7.5,0.97,-0.07,14.0,-0.38,1,1,0.0066,0.15-daily-pick,1
2026-08-28,823178,2026-08-29T02:15:00Z,0.5102,0.4721,0.4912,4.2,4.1,8.3,8.0,0.94,0.51,16.2,-0.02,0,1,0.0106,0.15-daily-pick,0
2026-08-28,823504,2026-08-28T23:15:00Z,0.5499,0.5857,0.5678,4.4,3.8,8.2,7.0,1.03,1.4,39.2,-0.19,0,1,0.0048,0.15-daily-pick,1
2026-08-28,823583,2026-08-28T23:10:00Z,0.5013,0.4966,0.4989,4.1,4.1,8.2,7.5,0.96,0.25,74.1,0.4,0,1,0.007,0.15-daily-pick,0
2026-08-28,823666,2026-08-29T00:10:00Z,0.4721,0.544,0.5081,4.7,5.0,9.7,9.0,0.99,-0.03,58.2,-1.1,0,1,0.006,0.15-daily-pick,0
2026-08-28,823744,2026-08-28T23:40:00Z,0.5914,0.622,0.6067,4.8,3.7,8.5,7.5,0.99,0.43,20.2,1.09,0,1,0.0052,0.15-daily-pick,1
2026-08-28,823985,2026-08-29T01:38:00Z,0.527,0.4563,0.4916,4.7,4.3,9.0,8.0,1.0,1.38,92.1,0.05,0,1,0.0079,0.15-daily-pick,0
2026-08-28,824231,2026-08-28T22:40:00Z,0.4764,0.3672,0.4218,4.1,4.4,8.5,7.5,0.97,-0.93,81.1,0.13,0,1,0.011,0.15-daily-pick,0
2026-08-28,824396,2026-08-28T23:10:00Z,0.5121,0.5536,0.5329,4.3,4.2,8.5,7.5,0.97,-0.33,156.1,1.43,0,1,0.0114,0.15-daily-pick,0
2026-08-28,824638,2026-08-28T18:20:00Z,0.5793,0.6302,0.6047,5.4,4.3,9.7,9.0,1.02,0.19,107.0,0.66,0,1,0.005,0.15-daily-pick,0
2026-08-28,824877,2026-08-28T23:15:00Z,0.5576,0.6713,0.6145,5.1,4.4,9.5,9.0,1.0,0.64,121.2,1.41,0,1,0.0068,0.15-daily-pick,1
2026-08-29,822690,2026-08-29T20:05:00Z,0.5378,0.5034,0.5206,4.7,4.2,8.9,8.0,0.99,0.16,148.2,-0.87,0,1,0.0094,0.15-daily-pick,1
2026-08-29,822770,2026-08-29T19:07:00Z,0.5427,0.507,0.5248,4.3,3.9,8.2,7.5,1.0,0.65,5.2,0.55,0,1,0.0047,0.15-daily-pick,1
2026-08-29,822936,2026-08-29T20:10:00Z,0.5235,0.548,0.5358,4.4,4.2,8.6,8.0,1.0,0.7,126.1,-0.59,0,0,0.0039,0.15-daily-pick,1
2026-08-29,823011,2026-08-29T18:15:00Z,0.5339,0.5334,0.5336,4.4,4.0,8.4,8.0,0.97,0.57,73.0,-0.38,1,1,0.0083,0.15-daily-pick,0
2026-08-29,823539,2026-08-29T17:05:00Z,0.4965,0.5402,0.5184,4.2,4.2,8.4,7.5,1.03,-0.1,54.1,-0.19,0,1,0.0059,0.15-daily-pick,0
2026-08-29,823582,2026-08-29T20:10:00Z,0.517,0.5548,0.5359,4.2,4.0,8.2,8.0,0.96,0.82,18.2,0.41,0,1,0.0076,0.15-daily-pick,1
2026-08-29,823665,2026-08-29T18:10:00Z,0.479,0.5291,0.5041,4.6,4.9,9.5,9.0,0.99,0.07,108.1,-1.1,0,1,0.0127,0.15-daily-pick,0
2026-08-29,823741,2026-08-29T23:15:00Z,0.5707,0.5983,0.5845,4.7,3.9,8.6,8.0,0.99,-0.03,83.2,1.14,0,1,0.006,0.15-daily-pick,1
2026-08-29,823986,2026-08-30T02:07:00Z,0.4078,0.3235,0.3657,3.9,5.0,8.9,8.0,1.0,-2.14,67.1,-0.02,0,0,0.0047,0.15-daily-pick,0
2026-08-29,824230,2026-08-29T17:10:00Z,0.48,0.3743,0.4272,4.2,4.3,8.5,7.0,0.97,-0.03,21.0,0.11,0,1,0.0065,0.15-daily-pick,1
2026-08-29,824392,2026-08-29T20:10:00Z,0.5235,0.5813,0.5524,4.2,4.0,8.2,8.0,0.97,-0.1,58.1,1.4,0,1,0.0116,0.15-daily-pick,0
2026-08-29,824637,2026-08-29T18:20:00Z,0.5881,0.6345,0.6113,5.3,4.2,9.4,9.0,1.02,0.29,145.1,0.63,0,1,0.0123,0.15-daily-pick,1
2026-08-29,824874,2026-08-29T20:10:00Z,0.5755,0.6706,0.623,5.3,4.3,9.5,9.0,1.0,1.33,97.2,1.39,0,1,0.0068,0.15-daily-pick,1
2026-08-29,824961,2026-08-30T02:05:00Z,0.4224,0.4313,0.4269,4.3,5.3,9.6,9.5,1.02,-1.3,90.1,-1.64,0,0,0.0071,0.15-daily-pick,0
2026-08-30,822688,2026-08-30T16:15:00Z,0.5377,0.525,0.5314,4.9,4.4,9.3,9.0,0.99,0.36,84.2,-0.92,0,1,0.0065,0.15-daily-pick,0
2026-08-30,822766,2026-08-30T17:37:00Z,0.4755,0.4406,0.4581,4.1,4.4,8.5,8.0,1.0,-1.67,50.0,0.57,0,1,0.0055,0.15-daily-pick,1
2026-08-30,822933,2026-08-30T17:40:00Z,0.5343,0.6005,0.5674,4.3,3.9,8.3,7.0,1.0,0.67,140.1,-0.63,0,0,0.0103,0.15-daily-pick,1
2026-08-30,823010,2026-08-30T18:15:00Z,0.4873,0.4685,0.4779,4.2,4.4,8.7,7.5,0.97,-0.99,129.0,-0.46,1,1,0.0063,0.15-daily-pick,0
2026-08-30,823502,2026-08-30T17:35:00Z,0.4835,0.4654,0.4745,4.1,4.4,8.5,8.0,1.03,-0.79,118.1,-0.12,0,1,0.0083,0.15-daily-pick,1
2026-08-30,823580,2026-08-30T19:10:00Z,0.5367,0.5315,0.5341,4.4,4.0,8.4,9.0,0.96,0.89,8.0,0.44,0,1,0.0042,0.15-daily-pick,0
2026-08-30,823662,2026-08-30T18:10:00Z,0.4519,0.5206,0.4862,4.4,5.0,9.4,8.5,0.99,-0.58,40.0,-1.09,0,1,0.0072,0.15-daily-pick,1
2026-08-30,823740,2026-08-30T18:10:00Z,0.5943,0.5983,0.5963,5.0,3.8,8.8,8.5,0.99,0.29,124.1,1.13,0,1,0.0045,0.15-daily-pick,0
2026-08-30,823987,2026-08-30T20:07:00Z,0.4494,0.3875,0.4184,4.1,4.7,8.8,7.5,1.0,-0.88,36.0,-0.02,0,1,0.0083,0.15-daily-pick,0
2026-08-30,824232,2026-08-30T17:40:00Z,0.4646,0.4071,0.4358,4.2,4.5,8.6,7.5,0.97,-0.56,44.2,0.13,0,1,0.011,0.15-daily-pick,0
2026-08-30,824393,2026-08-30T17:40:00Z,0.5423,0.6279,0.5851,4.4,3.8,8.2,7.5,0.97,1.1,150.1,1.3,0,1,0.0064,0.15-daily-pick,1
2026-08-30,824636,2026-08-30T23:20:00Z,0.5605,0.589,0.5748,4.9,4.2,9.2,9.0,1.02,-0.87,139.2,0.79,0,1,0.008,0.15-daily-pick,0
2026-08-30,824876,2026-08-30T17:35:00Z,0.5375,0.6863,0.6119,4.9,4.4,9.2,8.5,1.0,0.04,4.0,1.4,0,1,0.0044,0.15-daily-pick,1
2026-08-30,824959,2026-08-30T20:05:00Z,0.4393,0.4235,0.4314,4.6,5.4,10.0,10.0,1.02,-1.02,74.0,-1.64,0,1,0.0051,0.15-daily-pick,0
2026-08-31,822689,2026-08-31T22:45:00Z,0.528,0.4896,0.5088,4.8,4.5,9.3,8.5,0.99,0.06,34.1,-0.99,0,1,0.0074,0.15-daily-pick,1
2026-08-31,822855,2026-09-01T00:05:00Z,0.5274,0.6613,0.5943,4.5,4.2,8.6,7.5,0.98,0.36,88.1,1.19,0,1,0.0104,0.15-daily-pick,1
2026-08-31,822932,2026-08-31T22:40:00Z,0.541,0.6125,0.5768,4.7,4.2,8.9,8.0,1.0,0.57,20.2,-0.36,0,0,0.0055,0.15-daily-pick,0
2026-08-31,823663,2026-08-31T23:40:00Z,0.5385,0.5336,0.5361,4.6,4.1,8.6,8.5,0.99,0.26,18.1,-1.04,1,1,0.0105,0.15-daily-pick,1
2026-08-31,823982,2026-09-01T01:38:00Z,0.4773,0.4664,0.4718,4.2,4.4,8.5,8.0,1.0,0.76,23.0,-1.28,0,1,0.0062,0.15-daily-pick,1
2026-08-31,824149,2026-09-01T00:10:00Z,0.4988,0.5469,0.5228,4.4,4.4,8.8,8.5,0.97,0.46,128.0,-0.33,0,1,0.0019,0.15-daily-pick,1
2026-08-31,824473,2026-08-31T22:40:00Z,0.4665,0.425,0.4457,4.3,4.7,9.0,9.0,1.04,-0.88,137.1,-1.23,0,1,0.0137,0.15-daily-pick,0
2026-08-31,824635,2026-08-31T23:40:00Z,0.5176,0.5081,0.5128,4.7,4.4,9.1,9.5,1.02,0.03,75.2,-0.65,0,1,0.007,0.15-daily-pick,1
2026-08-31,824719,2026-08-31T22:45:00Z,0.6119,0.6004,0.6062,4.8,3.5,8.3,7.5,1.06,0.45,125.1,1.32,1,1,0.0059,0.15-daily-pick,1
2026-08-31,824911,2026-08-31T22:05:00Z,0.5488,0.6392,0.594,4.6,4.1,8.7,9.0,1.0,0.0,9.1,0.88,0,1,0.0133,0.15-daily-pick,0
2026-09-01,822687,2026-09-01T22:45:00Z,0.4946,0.3856,0.4401,4.8,4.9,9.7,10.0,0.99,-0.44,13.2,-1.54,0,1,0.0069,0.15-daily-pick,1
2026-09-01,822854,2026-09-02T00:05:00Z,0.5179,0.6583,0.5881,4.6,4.3,8.9,7.5,0.98,0.06,28.0,1.17,0,1,0.0174,0.15-daily-pick,1
2026-09-01,822929,2026-09-01T22:40:00Z,0.521,0.544,0.5325,4.6,4.3,8.9,7.5,1.0,-0.19,122.2,-0.34,0,0,0.004,0.15-daily-pick,1
2026-09-01,823340,2026-09-01T22:40:00Z,0.5646,0.5973,0.5809,4.5,3.8,8.4,7.5,0.97,0.12,145.0,0.19,0,1,0.0045,0.15-daily-pick,1
2026-09-01,823661,2026-09-01T23:40:00Z,0.5245,0.5056,0.5151,4.3,4.0,8.3,8.5,0.99,-0.52,63.2,-0.93,1,1,0.014,0.15-daily-pick,1
2026-09-01,823908,2026-09-02T02:10:00Z,0.5118,0.6274,0.5696,4.9,4.7,9.6,9.0,1.0,-0.77,105.1,0.59,0,0,0.0112,0.15-daily-pick,0
2026-09-01,823984,2026-09-02T01:38:00Z,0.4237,0.3734,0.3986,3.9,4.8,8.7,7.5,1.0,-1.2,71.2,-1.19,0,1,0.0051,0.15-daily-pick,0
2026-09-01,824070,2026-09-01T23:40:00Z,0.495,0.5248,0.5099,4.5,4.5,9.0,9.5,1.03,0.53,51.2,-1.08,0,1,0.0086,0.15-daily-pick,0
2026-09-01,824148,2026-09-02T00:10:00Z,0.4469,0.5,0.4735,4.2,4.9,9.1,8.5,0.97,-1.43,23.1,-0.33,0,1,0.0096,0.15-daily-pick,0
2026-09-01,824313,2026-09-02T00:40:00Z,0.474,0.4299,0.452,5.6,5.9,11.5,11.0,1.24,-0.67,47.2,-0.84,0,1,0.0052,0.15-daily-pick,1
2026-09-01,824391,2026-09-01T22:40:00Z,0.4975,0.6188,0.5581,3.8,3.9,7.7,8.0,0.97,-0.51,83.1,0.01,0,1,0.0026,0.15-daily-pick,1
2026-09-01,824472,2026-09-01T22:40:00Z,0.461,0.441,0.451,4.4,4.9,9.2,9.5,1.04,-0.71,79.0,-1.21,0,1,0.0036,0.15-daily-pick,1
2026-09-01,824633,2026-09-01T23:40:00Z,0.5107,0.5385,0.5246,5.0,4.8,9.8,10.0,1.02,0.1,82.1,-0.57,0,1,0.008,0.15-daily-pick,0
2026-09-01,825038,2026-09-02T01:40:00Z,0.5007,0.4514,0.4761,4.5,4.4,8.9,7.5,1.05,-0.12,162.0,0.1,0,1,0.0019,0.15-daily-pick,0
2026-09-02,822686,2026-09-02T17:05:00Z,0.514,0.4343,0.4741,4.8,4.6,9.5,9.5,0.99,0.11,69.2,-1.51,0,1,0.0123,0.15-daily-pick,0
2026-09-02,822851,2026-09-02T18:35:00Z,0.5339,0.5937,0.5638,4.7,4.3,9.0,8.0,0.98,0.57,26.1,1.17,0,1,0.0045,0.15-daily-pick,0
2026-09-02,823339,2026-09-02T22:40:00Z,0.5414,0.5811,0.5613,4.7,4.1,8.8,8.5,0.97,-0.12,131.0,0.1,0,1,0.0113,0.15-daily-pick,0
2026-09-02,823660,2026-09-02T23:40:00Z,0.518,0.5098,0.5139,4.6,4.4,8.9,8.5,0.99,-0.76,62.2,-0.75,1,1,0.0205,0.15-daily-pick,0
2026-09-02,823983,2026-09-03T01:38:00Z,0.4348,0.4015,0.4181,3.6,4.3,7.9,7.0,1.0,-0.75,155.0,-1.25,0,1,0.0103,0.15-daily-pick,0
2026-09-02,824068,2026-09-02T23:40:00Z,0.4797,0.5077,0.4937,4.4,4.7,9.0,9.0,1.03,-0.13,130.2,-1.03,0,1,0.0072,0.15-daily-pick,0
2026-09-02,824147,2026-09-03T00:10:00Z,0.4835,0.5583,0.5209,4.2,4.4,8.7,8.5,0.97,0.04,32.2,-0.38,0,1,0.009,0.15-daily-pick,1
2026-09-02,824312,2026-09-02T19:10:00Z,0.4737,0.4056,0.4397,5.6,6.0,11.6,11.5,1.24,-0.89,125.2,-0.82,0,1,0.0074,0.15-daily-pick,1
2026-09-02,824390,2026-09-02T22:40:00Z,0.48,0.4589,0.4695,3.6,3.9,7.5,7.0,0.97,-1.06,136.1,0.07,0,1,0.0098,0.15-daily-pick,0
2026-09-02,824470,2026-09-02T16:40:00Z,0.4491,0.4166,0.4328,4.2,4.8,9.0,9.5,1.04,-1.13,28.0,-1.19,0,1,0.0063,0.15-daily-pick,1
2026-09-02,824634,2026-09-02T23:40:00Z,0.4559,0.4094,0.4326,4.3,4.9,9.2,8.5,1.02,-1.88,123.1,-0.66,0,1,0.0123,0.15-daily-pick,0
2026-09-02,824717,2026-09-02T20:10:00Z,0.5653,0.5552,0.5603,4.9,4.1,9.0,8.5,1.06,-0.02,45.0,1.36,0,1,0.0074,0.15-daily-pick,0
2026-09-02,825037,2026-09-02T19:40:00Z,0.5426,0.4561,0.4993,5.1,4.5,9.6,9.0,1.05,1.25,62.1,0.04,0,1,0.0303,0.15-daily-pick,1
